INSERT INTO SECTION (SID, SNAME)
VALUES
    (1, '중국음식'),
    (2, '아시안음식'),
    (3, '한식'),
    (4, '분식'),
    (5, '양식');

ALTER TABLE CUSTOMER
MODIFY COLUMN CTYPE ENUM('학생', '교수', '직원', '그 외') NOT NULL;

ALTER TABLE CUSTOMER
MODIFY COLUMN CNAME CHAR(20),
MODIFY COLUMN CTYPE ENUM('학생', '교수', '직원', '그 외');



INSERT INTO CUSTOMER (CID, CNAME, PHONE, SSM, EMAIL, SEX, AGE, ADDRESS, CTYPE, CPOINT, AGREEMENT)
VALUES
    (1, '김지원', '010-1111-1111', '020101-4234567', 'jiwon@gmail.com', 'F', 23, '서울시 강남구', '학생', 0, '2024-05-01'),
    (2, '이영희', '010-2222-2222', '000205-4345678', 'yeonghee@gmail.com', 'F', 25, '서울시 서초구', '학생', 0, '2024-05-02'),
    (3, '박철수', '010-3333-3333', '900303-1456789', 'chulsoo@gmail.com', 'M', 35, '서울시 송파구', '직원', 0, '2024-05-03'),
    (4, '최영미', '010-4444-4444', '850404-2567890', 'youngmi@gmail.com', 'F', 40, '서울시 강동구', '직원', 0, '2024-05-04'),
    (5, '정민수', '010-5555-5555', '700505-1678901', 'minsu@gmail.com', 'M', 55, '서울시 중랑구', '교수', 0, '2024-05-05'),
    (6, '이나영', '010-6666-6666', '600606-2789012', 'nayeong@gmail.com', 'F', 65, '서울시 도봉구', '직원', 0, '2024-05-06'),
    (7, '김성수', '010-7777-7777', '650707-1890123', 'seongsu@gmail.com', 'M', 70, '서울시 노원구', '직원', 0, '2024-05-07'),
    (8, '박영자', '010-8888-8888', '720808-2901234', 'youngja@gmail.com', 'F', 53, '서울시 강서구', '교수', 0, '2024-05-08'),
    (9, '이현수', '010-9999-9999', '740909-1012345', 'hyeonsu@gmail.com', 'M', 55, '서울시 영등포구', '직원', 0, '2024-05-09'),
    (10, '장미영', '010-1010-1010', '021010-4123456', 'miyeong@gmail.com', 'F', 23, '서울시 구로구', '학생', 0, '2024-05-10'),
    (11, '윤철호', '010-1111-1111', '011111-3234567', 'cheolho@gmail.com', 'M', 24, '서울시 금천구', '학생', 0, '2024-05-11'),
    (12, '박미나', '010-1212-1212', '001212-4345678', 'mina@gmail.com', 'F', 25, '서울시 관악구', '학생', 0, '2024-05-12'),
    (13, '이진우', '010-1313-1313', '021313-3456789', 'jinwoo@gmail.com', 'M', 23, '서울시 동작구', '학생', 0, '2024-05-13'),
    (14, '김수진', '010-1414-1414', '001414-4567890', 'sujin@gmail.com', 'F', 25, '서울시 서대문구', '학생', 0, '2024-05-14'),
    (15, '장현우', '010-1515-1515', '901515-1678901', 'hyunwoo@gmail.com', 'M', 35, '서울시 은평구', '직원', 0, '2024-05-15'),
    (16, '박지수', '010-1616-1616', '851616-2789012', 'jisoo@gmail.com', 'F', 40, '서울시 서초구', '직원', 0, '2024-05-26'),
    (17, '박성호', '010-1717-1717', '881717-1890123', 'seongho@gmail.com', 'M', 43, '서울시 강남구', '직원', 0, '2024-05-17'),
    (18, '이은주', '010-1818-1818', '701818-2901234', 'eunjoo@gmail.com', 'F', 55, '서울시 송파구', '교수', 0, '2024-05-18'),
    (19, '김태우', '010-1919-1919', '701919-1012345', 'taewoo@gmail.com', 'M', 55, '서울시 강동구', '교수', 0, '2024-05-19'),
    (20, '이지은', '010-2020-2020', '022020-4423456', 'jieun@gmail.com', 'F', 23, '서울시 중랑구', '학생', 0, '2024-05-20'),
    (21, '최성우', '010-2121-2121', '882121-1234567', 'seongwoo@gmail.com', 'M', 37, '서울시 도봉구', '직원', 0, '2024-05-21'),
    (22, '김영희', '010-2222-2222', '882222-2345678', 'yeonghee@gmail.com', 'F', 37, '서울시 노원구', '직원', 0, '2024-05-22'),
    (23, '이동수', '010-2323-2323', '862323-1456789', 'dongsoo@gmail.com', 'M', 39, '서울시 강서구', '교수', 0, '2024-05-23'),
    (24, '정수진', '010-2424-2424', '842424-2567890', 'sujin@gmail.com', 'F', 41, '서울시 영등포구', '교수', 0, '2024-05-24'),
    (25, '이지훈', '010-2525-2525', '922525-1678901', 'jihun@gmail.com', 'M', 33, '서울시 구로구', '교수', 0, '2024-05-25'),
    (26, '김수현', '010-2626-2626', '002626-4789012', 'soohyun@gmail.com', 'F', 25, '서울시 금천구', '학생', 0, '2024-05-26'),
    (27, '이정수', '010-2727-2727', '982727-1890123', 'jungsu@gmail.com', 'M', 27, '서울시 관악구', '직원', 0, '2024-05-27'),
    (28, '김지연', '010-2828-2828', '062828-4901234', 'jiyeon@gmail.com', 'F', 19, '서울시 동작구', '학생', 0, '2024-05-28'),
    (29, '이태민', '010-2929-2929', '042929-3012345', 'taemin@gmail.com', 'M', 21, '서울시 서대문구', '학생', 0, '2024-05-29'),
    (30, '최소연', '010-3030-3030', '023030-4123456', 'soyeon@gmail.com', 'F', 23, '서울시 은평구', '학생', 0, '2024-05-30');
    
INSERT INTO CUSTOMER (CID)
VALUES 
    (31),
    (32),
    (33),
    (34),
    (35),
    (36),
    (37),
    (38),
    (39),
    (40);
    
INSERT INTO INGREDIENT (INAME, ORIGIN)
VALUES
    ('면', '한국'),
    ('소스', '중국'),
    ('홍합', '한국'),
    ('돼지고기', '한국'),
    ('튀김가루', '한국'),
    ('소고기', '한국'),
    ('쌀', '한국'),
    ('생선', '일본'),
    ('야채', '한국'),
    ('라이스페이퍼', '베트남'),
    ('김치', '한국'),
    ('간장', '한국'),
    ('고추장', '한국'),
    ('콩나물', '한국'),
    ('김', '한국'),
    ('단무지', '한국'),
    ('떡', '한국'),
    ('당면', '한국'),
    ('파스타면', '이탈리아'),
    ('크림', '이탈리아'),
    ('버섯', '한국'),
    ('밀가루', '캐나다'),
    ('치즈', '이탈리아');


INSERT INTO MENU (MID, SID, MNAME, EXPLANATION, KCAL, PRICE, MAINGREDIENT1, MAINGREDIENT2)
VALUES
    (1, 1, '짜장면', '맛있는 짜장면', '500kcal', 5000, '면', '소스'),
    (2, 1, '짬뽕', '매운 짬뽕', '600kcal', 6000, '면', '홍합'),
    (3, 1, '탕수육', '바삭한 탕수육', '700kcal', 8000, '돼지고기', '튀김가루'),
    (4, 2, '쌀국수', '베트남 쌀국수', '400kcal', 7000, '면', '소고기'),
    (5, 2, '초밥', '신선한 초밥', '300kcal', 10000, '쌀', '생선'),
    (6, 2, '월남쌈', '신선한 월남쌈', '350kcal', 9000, '야채', '라이스페이퍼'),
    (7, 3, '김치찌개', '얼큰한 김치찌개', '500kcal', 6000, '김치', '돼지고기'),
    (8, 3, '불고기', '달콤한 불고기', '500kcal', 10000, '소고기', '간장'),
    (9, 3, '비빔밥', '건강한 비빔밥', '700kcal', 8000, '고추장', '콩나물'),
    (10, 4, '김밥', '맛있는 김밥', '300kcal', 4000, '김', '단무지'),
    (11, 4, '떡볶이', '매운 떡볶이', '500kcal', 5000, '떡', '고추장'),
    (12, 4, '김말이', '따뜻한 오뎅', '200kcal', 3000, '김', '당면'),
    (13, 5, '파스타', '크림 파스타', '600kcal', 12000, '파스타면', '크림'),
    (14, 5, '리조또', '버섯 리조또', '650kcal', 11000, '쌀', '버섯'),
    (15, 5, '피자', '치즈 피자', '800kcal', 15000, '밀가루', '치즈');
    
INSERT INTO ORDERBASIC (OBID, CID, TOTALAMOUNT, POINTUSEAMOUNT, ORDERDATE, ORDERTYPE, PAYMENTTYPE)
VALUES
    (1, 1, 28000, 0, '2024-05-01', '포장&수저포크O', '카드'),
    (2, 2, 30000, 0, '2024-05-01', '포장&수저포크X', '현장결제'),
    (3, 3, 28000, 0, '2024-05-01', '매장', '카드'),
    (4, 4, 40000, 0, '2024-05-01', '포장&수저포크O', '카드'),
    (5, 5, 32000, 0, '2024-05-01', '매장', '현장결제'),
    (6, 6, 31000, 0, '2024-05-01', '포장&수저포크X', '카드'),
    (7, 7, 31000, 0, '2024-05-01', '매장', '카드'),
    (8, 8, 20000, 0, '2024-05-01', '포장&수저포크O', '현장결제'),
    (9, 9, 15000, 0, '2024-05-01', '매장', '카드'),
    (10, 10, 42000, 0, '2024-05-01', '포장&수저포크O', '현장결제'),
    (11, 36, 32000, 0, '2024-05-01', '매장', '카드'),
    (12, 37, 32000, 0, '2024-05-01', '포장&수저포크X', '현장결제'),
    (13, 38, 31000, 0, '2024-05-01', '매장', '카드'),
    (14, 39, 36000, 0, '2024-05-01', '포장&수저포크O', '현장결제'),
    (15, 40, 24000, 0, '2024-05-01', '매장', '카드'),
    (16, 16, 27000, 0, '2024-05-01', '포장&수저포크X', '카드'),
    (17, 17, 31000, 0, '2024-05-01', '매장', '카드'),
    (18, 18, 30000, 0, '2024-05-01', '포장&수저포크O', '현장결제'),
    (19, 19, 21000, 0, '2024-05-01', '포장&수저포크X', '카드'),
    (20, 20, 26000, 0, '2024-05-01', '매장', '카드'),
    (21, 21, 28000, 0, '2024-05-01', '포장&수저포크O', '현장결제'),
    (22, 22, 38000, 0, '2024-05-01', '매장', '카드'),
    (23, 23, 27000, 0, '2024-05-01', '포장&수저포크X', '카드'),
    (24, 24, 35000, 0, '2024-05-01', '매장', '현장결제'),
    (25, 25, 30000, 0, '2024-05-01', '포장&수저포크O', '카드'),
    (26, 31, 32000, 0, '2024-05-01', '매장', '현장결제'),
    (27, 32, 27000, 0, '2024-05-01', '포장&수저포크X', '카드'),
    (28, 33, 31000, 0, '2024-05-01', '매장', '카드'),
    (29, 34, 32000, 0, '2024-05-01', '포장&수저포크O', '현장결제'),
    (30, 35, 31000, 0, '2024-05-01', '포장&수저포크X', '카드');
    
INSERT INTO ORDERDETAIL (ODDID, MID, OBID, COUNT, REQUEST, WAITNUMBER) VALUES
    -- Order 2
    (6, 2, 2, 2, '더 많은 양념', 2),   -- 짬뽕 2개, 6000 * 2 = 12000
    (7, 4, 2, 2, '소스 빼고', 1),      -- 쌀국수 2개, 7000 * 2 = 14000
    (8, 10, 2, 1, '단무지 많이', 2),   -- 김밥 1개, 4000
    -- 총액: 12000 + 14000 + 4000 = 30000
    -- 짬뽕 => 중식 => 대기번호 2번
    -- 쌀국수 => 아시안음식 => 대기번호 1번
    -- 김밥 => 분식 => 대기번호 2번

    -- Order 3
    (9, 7, 3, 1, '김치 추가', 1),      -- 김치찌개 1개, 6000
    (10, 8, 3, 1, '덜 달게', 1),       -- 불고기 1개, 10000
    (11, 9, 3, 1, '고추장 많이', 1),   -- 비빔밥 1개, 8000
    (12, 10, 3, 1, '단무지 많이', 3),  -- 김밥 1개, 4000
    -- 총액: 6000 + 10000 + 8000 + 4000 = 28000
    -- 김치찌개, 불고기, 비빔밥 => 한식 => 대기번호 1번
    -- 김밥 => 분식 => 대기번호 3번

    -- Order 4
    (13, 1, 4, 1, '적게 양념', 3),    -- 짜장면 1개, 5000
    (14, 2, 4, 2, '더 많은 양념', 3), -- 짬뽕 2개, 6000 * 2 = 12000
    (15, 13, 4, 1, '크림 많이', 1),   -- 파스타 1개, 12000
    (16, 14, 4, 1, '버섯 많이', 1),   -- 리조또 1개, 11000
    -- 총액: 5000 + 12000 + 12000 + 11000 = 40000
    -- 짜장면, 짬뽕 => 중식 => 대기번호 3번
    -- 파스타, 리조또 => 양식 => 대기번호 1번

    -- Order 5
    (17, 7, 5, 2, '매운맛', 2),       -- 김치찌개 2개, 6000 * 2 = 12000
    (18, 9, 5, 2, '고추장 많이', 2),  -- 비빔밥 2개, 8000 * 2 = 16000
    (19, 10, 5, 1, '단무지 많이', 4), -- 김밥 1개, 4000
    -- 총액: 12000 + 16000 + 4000 = 32000
    -- 김치찌개, 비빔밥 => 한식 => 대기번호 2번
    -- 김밥 => 분식 => 대기번호 4번

    -- Order 6
    (20, 1, 6, 1, '적게 양념', 4),   -- 짜장면 1개, 5000
    (21, 2, 6, 2, '더 많은 양념', 4),-- 짬뽕 2개, 6000 * 2 = 12000
    (22, 11, 6, 2, '떡 추가', 5),    -- 떡볶이 2개, 5000 * 2 = 10000
    (23, 10, 6, 1, '단무지 많이', 5),-- 김밥 1개, 4000
    -- 총액: 5000 + 12000 + 10000 + 4000 = 31000
    -- 짜장면, 짬뽕 => 중식 => 대기번호 4번
    -- 떡볶이, 김밥 => 분식 => 대기번호 5번

    -- Order 7
    (24, 7, 7, 1, '김치 추가', 3),   -- 김치찌개 1개, 6000
    (25, 8, 7, 1, '덜 달게', 3),     -- 불고기 1개, 10000
    (26, 14, 7, 1, '버섯 많이', 2),  -- 리조또 1개, 11000
    (27, 10, 7, 1, '단무지 많이', 6),-- 김밥 1개, 4000
    -- 총액: 6000 + 10000 + 11000 + 4000 = 31000
    -- 김치찌개, 불고기 => 한식 => 대기번호 3번
    -- 리조또 => 양식 => 대기번호 2번
    -- 김밥 => 분식 => 대기번호 6번

    -- Order 8
    (28, 10, 8, 5, '단무지 많이', 7),-- 김밥 5개, 4000 * 5 = 20000
    -- 총액: 20000
    -- 김밥 => 분식 => 대기번호 7번

    -- Order 9
    (29, 1, 9, 1, '적게 양념', 5),  -- 짜장면 1개, 5000
    (30, 11, 9, 2, '떡 추가', 8),   -- 떡볶이 2개, 5000 * 2 = 10000
    -- 총액: 5000 + 10000 = 15000
    -- 짜장면 => 중식 => 대기번호 5번
    -- 떡볶이 => 분식 => 대기번호 8번

    -- Order 10
    (31, 7, 10, 2, '김치 추가', 4),   -- 김치찌개 2개, 6000 * 2 = 12000
    (32, 8, 10, 1, '덜 달게', 4),     -- 불고기 1개, 10000
    (33, 9, 10, 2, '고추장 많이', 4), -- 비빔밥 2개, 8000 * 2 = 16000
    (34, 10, 10, 1, '단무지 많이', 9),-- 김밥 1개, 4000
    -- 총액: 12000 + 10000 + 16000 + 4000 = 42000
    -- 김치찌개, 불고기, 비빔밥 => 한식 => 대기번호 4번
    -- 김밥 => 분식 => 대기번호 9번
    
    -- Order 11
    (35, 1, 11, 2, '적게 양념', 6),  -- 짜장면 2개, 5000 * 2 = 10000
    (36, 3, 11, 1, '소스 많이', 6),  -- 탕수육 1개, 8000
    (37, 11, 11, 2, '떡 추가', 10),   -- 떡볶이 2개, 5000 * 2 = 10000
    (38, 10, 11, 1, '단무지 많이', 10),-- 김밥 1개, 4000
    -- 총액: 10000 + 8000 + 10000 + 4000 = 32000
    -- 짜장면, 탕수육 => 중식 => 대기번호 6번
    -- 떡볶이, 김밥 => 분식 => 대기번호 10번

    -- Order 12
    (39, 2, 12, 3, '더 많은 양념', 7), -- 짬뽕 3개, 6000 * 3 = 18000
    (40, 4, 12, 2, '소스 빼고', 2),    -- 쌀국수 2개, 7000 * 2 = 14000
    -- 총액: 18000 + 14000 = 32000
    -- 짬뽕 => 중식 => 대기번호 7번
    -- 쌀국수 => 아시안음식 => 대기번호 2번

    -- Order 13
    (41, 8, 13, 2, '덜 달게', 5),      -- 불고기 2개, 10000 * 2 = 20000
    (42, 14, 13, 1, '버섯 많이', 3),   -- 리조또 1개, 11000
    -- 총액: 20000 + 11000 = 31000
    -- 불고기 => 한식 => 대기번호 5번
    -- 리조또 => 양식 => 대기번호 3번

    -- Order 14
    (43, 1, 14, 1, '적게 양념', 8),    -- 짜장면 1개, 5000
    (44, 2, 14, 1, '더 많은 양념', 8), -- 짬뽕 1개, 6000
    (45, 13, 14, 1, '크림 많이', 4),   -- 파스타 1개, 12000
    (46, 10, 14, 2, '단무지 많이', 11), -- 김밥 2개, 4000 * 2 = 8000
    (47, 11, 14, 1, '떡 추가', 11),     -- 떡볶이 1개, 5000
    -- 총액: 5000 + 6000 + 12000 + 8000 + 5000 = 36000
    -- 짜장면, 짬뽕 => 중식 => 대기번호 8번
    -- 파스타 => 양식 => 대기번호 4번
    -- 김밥, 떡볶이 => 분식 => 대기번호 11번

    -- Order 15
    (48, 7, 15, 2, '매운맛', 6),       -- 김치찌개 2개, 6000 * 2 = 12000
    (49, 9, 15, 1, '고추장 많이', 6),  -- 비빔밥 1개, 8000
    (50, 10, 15, 1, '단무지 많이', 12), -- 김밥 1개, 4000
    -- 총액: 12000 + 8000 + 4000 = 24000
    -- 김치찌개, 비빔밥 => 한식 => 대기번호 6번
    -- 김밥 => 분식 => 대기번호 12번

    -- Order 16
    (51, 1, 16, 1, '적게 양념', 9),   -- 짜장면 1개, 5000
    (52, 2, 16, 2, '더 많은 양념', 9),-- 짬뽕 2개, 6000 * 2 = 12000
    (53, 11, 16, 2, '떡 추가', 13),    -- 떡볶이 2개, 5000 * 2 = 10000
    -- 총액: 5000 + 12000 + 10000 = 27000
    -- 짜장면, 짬뽕 => 중식 => 대기번호 9번
    -- 떡볶이 => 분식 => 대기번호 13번

    -- Order 17
    (54, 8, 17, 2, '덜 달게', 7),     -- 불고기 2개, 10000 * 2 = 20000
    (55, 14, 17, 1, '버섯 많이', 5),  -- 리조또 1개, 11000
    -- 총액: 20000 + 11000 = 31000
    -- 불고기 => 한식 => 대기번호 7번
    -- 리조또 => 양식 => 대기번호 5번

    -- Order 18
    (56, 7, 18, 2, '매운맛', 8),      -- 김치찌개 2개, 6000 * 2 = 12000
    (57, 10, 18, 2, '단무지 많이', 14),-- 김밥 2개, 4000 * 2 = 8000
    (58, 11, 18, 2, '떡 추가', 14),    -- 떡볶이 2개, 5000 * 2 = 10000
    -- 총액: 12000 + 8000 + 10000 = 30000
    -- 김치찌개 => 한식 => 대기번호 8번
    -- 김밥, 떡볶이 => 분식 => 대기번호 14번

    -- Order 19
    (59, 1, 19, 1, '적게 양념', 10),  -- 짜장면 1개, 5000
    (60, 2, 19, 2, '더 많은 양념', 10),-- 짬뽕 2개, 6000 * 2 = 12000
    (61, 10, 19, 1, '단무지 많이', 15),-- 김밥 1개, 4000
    -- 총액: 5000 + 12000 + 4000 = 21000
    -- 짜장면, 짬뽕 => 중식 => 대기번호 10번
    -- 김밥 => 분식 => 대기번호 15번

    -- Order 20
    (62, 7, 20, 1, '김치 추가', 9),   -- 김치찌개 1개, 6000
    (63, 9, 20, 2, '고추장 많이', 9), -- 비빔밥 2개, 8000 * 2 = 16000
    (64, 10, 20, 1, '단무지 많이', 16),-- 김밥 1개, 4000
    -- 총액: 6000 + 16000 + 4000 = 26000
    -- 김치찌개, 비빔밥 => 한식 => 대기번호 9번
    -- 김밥 => 분식 => 대기번호 16번

   -- Order 21
    (65, 1, 21, 1, '적게 양념', 11),     -- 짜장면 1개, 5000
    (66, 2, 21, 1, '더 많은 양념', 11),  -- 짬뽕 1개, 6000
    (67, 3, 21, 1, '소스 많이', 11),     -- 탕수육 1개, 8000
    (68, 10, 21, 1, '단무지 많이', 17),  -- 김밥 1개, 4000
    (69, 11, 21, 1, '떡 추가', 17),      -- 떡볶이 1개, 5000

    -- Order 22
    (70, 7, 22, 2, '매운맛', 10),        -- 김치찌개 2개, 6000 * 2 = 12000
    (71, 8, 22, 1, '덜 달게', 10),       -- 불고기 1개, 10000
    (72, 9, 22, 2, '고추장 많이', 10),   -- 비빔밥 2개, 8000 * 2 = 16000

    -- Order 23
    (73, 1, 23, 2, '적게 양념', 12),    -- 짜장면 2개, 5000 * 2 = 10000
    (74, 2, 23, 2, '더 많은 양념', 12), -- 짬뽕 2개, 6000 * 2 = 12000
    (75, 11, 23, 1, '떡 추가', 18),

    -- Order 24
    (76, 8, 24, 2, '덜 달게', 11),      -- 불고기 2개, 10000 * 2 = 20000
    (77, 14, 24, 1, '버섯 많이', 6),   -- 리조또 1개, 11000
    (78, 10, 24, 1, '단무지 많이', 19), -- 김밥 1개, 4000
    -- 총액: 20000 + 11000 + 4000 = 35000
    -- 불고기 => 한식 => 대기번호 11번
    -- 리조또 => 양식 => 대기번호 6번
    -- 김밥 => 분식 => 대기번호 19번

    -- Order 25
    (79, 1, 25, 2, '적게 양념', 13),    -- 짜장면 2개, 5000 * 2 = 10000
    (80, 2, 25, 2, '더 많은 양념', 13), -- 짬뽕 2개, 6000 * 2 = 12000
    (81, 10, 25, 2, '단무지 많이', 20), -- 김밥 2개, 4000 * 2 = 8000
    -- 총액: 10000 + 12000 + 8000 = 30000
    -- 짜장면, 짬뽕 => 중식 => 대기번호 13번
    -- 김밥 => 분식 => 대기번호 20번

    -- Order 26
    (82, 7, 26, 1, '김치 추가', 12),    -- 김치찌개 1개, 6000
    (83, 8, 26, 1, '덜 달게', 12),      -- 불고기 1개, 10000
    (84, 9, 26, 2, '고추장 많이', 12),  -- 비빔밥 2개, 8000 * 2 = 16000
    -- 총액: 6000 + 10000 + 16000 = 32000
    -- 김치찌개, 불고기, 비빔밥 => 한식 => 대기번호 12번

    -- Order 27
    (85, 1, 27, 2, '적게 양념', 14),    -- 짜장면 2개, 5000 * 2 = 10000
    (86, 2, 27, 2, '더 많은 양념', 14), -- 짬뽕 2개, 6000 * 2 = 12000
    (87, 11, 27, 1, '떡 추가', 21),     -- 떡볶이 1개, 5000
    -- 총액: 10000 + 12000 + 5000 = 27000
    -- 짜장면, 짬뽕 => 중식 => 대기번호 14번
    -- 떡볶이 => 분식 => 대기번호 21번

    -- Order 28
    (88, 8, 28, 2, '덜 달게', 13),      -- 불고기 2개, 10000 * 2 = 20000
    (89, 14, 28, 1, '버섯 많이', 7),   -- 리조또 1개, 11000
    -- 총액: 20000 + 11000 = 31000
    -- 불고기 => 한식 => 대기번호 13번
    -- 리조또 => 양식 => 대기번호 7번

    -- Order 29
    (90, 7, 29, 2, '매운맛', 14),       -- 김치찌개 2개, 6000 * 2 = 12000
    (91, 9, 29, 2, '고추장 많이', 14),  -- 비빔밥 2개, 8000 * 2 = 16000
    (92, 10, 29, 1, '단무지 많이', 22), -- 김밥 1개, 4000
    -- 총액: 12000 + 16000 + 4000 = 32000
    -- 김치찌개, 비빔밥 => 한식 => 대기번호 14번
    -- 김밥 => 분식 => 대기번호 22번

    -- Order 30
    (93, 1, 30, 2, '적게 양념', 15),    -- 짜장면 2개, 5000 * 2 = 10000
    (94, 2, 30, 2, '더 많은 양념', 15), -- 짬뽕 2개, 6000 * 2 = 12000
    (95, 11, 30, 1, '떡 추가', 23),     -- 떡볶이 1개, 5000
    (96, 10, 30, 1, '단무지 많이', 23); -- 김밥 1개, 4000
    -- 총액: 10000 + 12000 + 5000 + 4000 = 31000
    -- 짜장면, 짬뽕 => 중식 => 대기번호 15번
    -- 떡볶이, 김밥 => 분식 => 대기번호 23번
    
INSERT INTO ORDERBASIC (OBID, CID, TOTALAMOUNT, POINTUSEAMOUNT, ORDERDATE, ORDERTYPE, PAYMENTTYPE)
VALUES
    -- 2024-05-02
    (31, 1, 28000, 0, '2024-05-02', '포장&수저포크O', '카드'),
    (32, 2, 38000, 0, '2024-05-02', '포장&수저포크X', '현장결제'),
    (33, 3, 27000, 0, '2024-05-02', '매장', '카드'),
    (34, 4, 35000, 0, '2024-05-02', '포장&수저포크O', '카드'),
    (35, 5, 30000, 0, '2024-05-02', '매장', '현장결제'),
    (36, 6, 32000, 0, '2024-05-02', '포장&수저포크X', '카드'),
    (37, 7, 27000, 0, '2024-05-02', '매장', '카드'),
    (38, 8, 31000, 0, '2024-05-02', '포장&수저포크O', '현장결제'),
    (39, 9, 32000, 0, '2024-05-02', '매장', '카드'),
    (40, 10, 31000, 0, '2024-05-02', '포장&수저포크O', '현장결제'),
    (41, 11, 32000, 0, '2024-05-02', '매장', '카드'),
    (42, 12, 27000, 0, '2024-05-02', '포장&수저포크X', '현장결제'),
    (43, 13, 31000, 0, '2024-05-02', '매장', '카드'),
    (44, 14, 32000, 0, '2024-05-02', '포장&수저포크O', '현장결제'),
    (45, 36, 26000, 0, '2024-05-02', '매장', '카드'),
    (46, 37, 31000, 0, '2024-05-02', '포장&수저포크X', '카드'),
    (47, 38, 32000, 0, '2024-05-02', '매장', '카드'),
    (48, 39, 31000, 0, '2024-05-02', '포장&수저포크O', '현장결제'),
    (49, 40, 38000, 0, '2024-05-02', '포장&수저포크X', '카드'),
    (50, 31, 38000, 0, '2024-05-02', '매장', '카드'),
    (51, 32, 28000, 0, '2024-05-02', '포장&수저포크O', '현장결제'),
    (52, 33, 38000, 0, '2024-05-02', '매장', '카드'),
    (53, 34, 27000, 0, '2024-05-02', '포장&수저포크X', '카드'),
    (54, 35, 35000, 0, '2024-05-02', '매장', '현장결제'),
    (55, 25, 30000, 0, '2024-05-02', '포장&수저포크O', '카드'),
    (56, 26, 32000, 0, '2024-05-02', '매장', '현장결제'),
    (57, 27, 27000, 0, '2024-05-02', '포장&수저포크X', '카드'),
    (58, 28, 31000, 0, '2024-05-02', '매장', '카드'),
    (59, 29, 32000, 0, '2024-05-02', '포장&수저포크O', '현장결제'),
    (60, 30, 31000, 0, '2024-05-02', '포장&수저포크X', '카드');

INSERT INTO ORDERDETAIL (ODDID, MID, OBID, COUNT, REQUEST, WAITNUMBER)
VALUES
    -- Order 31
    (97, 1, 31, 1, '적게 양념', 16),    -- 짜장면 1개, 5000
    (98, 2, 31, 1, '더 많은 양념', 16), -- 짬뽕 1개, 6000
    (99, 3, 31, 1, '소스 많이', 16),    -- 탕수육 1개, 8000
    (100, 10, 31, 1, '단무지 많이', 24),-- 김밥 1개, 4000
    (101, 11, 31, 1, '떡 추가', 24),    -- 떡볶이 1개, 5000
    -- 총액: 5000 + 6000 + 8000 + 4000 + 5000 = 28000
    -- 짜장면, 짬뽕, 탕수육 => 중식 => 대기번호 16번
    -- 김밥, 떡볶이 => 분식 => 대기번호 24번

    -- Order 32
    (102, 7, 32, 2, '매운맛', 15),        -- 김치찌개 2개, 6000 * 2 = 12000
    (103, 8, 32, 1, '덜 달게', 15),       -- 불고기 1개, 10000
    (104, 9, 32, 2, '고추장 많이', 15),   -- 비빔밥 2개, 8000 * 2 = 16000
    -- 총액: 12000 + 10000 + 16000 = 38000
    -- 김치찌개, 불고기, 비빔밥 => 한식 => 대기번호 15번

    -- Order 33
    (105, 1, 33, 2, '적게 양념', 17),    -- 짜장면 2개, 5000 * 2 = 10000
    (106, 2, 33, 2, '더 많은 양념', 17), -- 짬뽕 2개, 6000 * 2 = 12000
    (107, 11, 33, 1, '떡 추가', 25),     -- 떡볶이 1개, 5000
    -- 총액: 10000 + 12000 + 5000 = 27000
    -- 짜장면, 짬뽕 => 중식 => 대기번호 17번
    -- 떡볶이 => 분식 => 대기번호 25번

    -- Order 34
    (108, 8, 34, 2, '덜 달게', 16),      -- 불고기 2개, 10000 * 2 = 20000
    (109, 14, 34, 1, '버섯 많이', 8),   -- 리조또 1개, 11000
    (110, 10, 34, 1, '단무지 많이', 26), -- 김밥 1개, 4000
    -- 총액: 20000 + 11000 + 4000 = 35000
    -- 불고기 => 한식 => 대기번호 16번
    -- 리조또 => 양식 => 대기번호 8번
    -- 김밥 => 분식 => 대기번호 26번

    -- Order 35
    (111, 1, 35, 2, '적게 양념', 18),    -- 짜장면 2개, 5000 * 2 = 10000
    (112, 2, 35, 2, '더 많은 양념', 18), -- 짬뽕 2개, 6000 * 2 = 12000
    (113, 10, 35, 2, '단무지 많이', 27), -- 김밥 2개, 4000 * 2 = 8000
    -- 총액: 10000 + 12000 + 8000 = 30000
    -- 짜장면, 짬뽕 => 중식 => 대기번호 18번
    -- 김밥 => 분식 => 대기번호 27번

    -- Order 36
    (114, 7, 36, 1, '김치 추가', 17),    -- 김치찌개 1개, 6000
    (115, 8, 36, 1, '덜 달게', 17),      -- 불고기 1개, 10000
    (116, 9, 36, 2, '고추장 많이', 17),  -- 비빔밥 2개, 8000 * 2 = 16000
    -- 총액: 6000 + 10000 + 16000 = 32000
    -- 김치찌개, 불고기, 비빔밥 => 한식 => 대기번호 17번

    -- Order 37
    (117, 1, 37, 2, '적게 양념', 19),    -- 짜장면 2개, 5000 * 2 = 10000
    (118, 2, 37, 2, '더 많은 양념', 19), -- 짬뽕 2개, 6000 * 2 = 12000
    (119, 11, 37, 1, '떡 추가', 28),     -- 떡볶이 1개, 5000
    -- 총액: 10000 + 12000 + 5000 = 27000
    -- 짜장면, 짬뽕 => 중식 => 대기번호 19번
    -- 떡볶이 => 분식 => 대기번호 28번

    -- Order 38
    (120, 8, 38, 2, '덜 달게', 18),      -- 불고기 2개, 10000 * 2 = 20000
    (121, 14, 38, 1, '버섯 많이', 9),   -- 리조또 1개, 11000
    -- 총액: 20000 + 11000 = 31000
    -- 불고기 => 한식 => 대기번호 18번
    -- 리조또 => 양식 => 대기번호 9번

    -- Order 39
    (122, 7, 39, 2, '매운맛', 19),       -- 김치찌개 2개, 6000 * 2 = 12000
    (123, 9, 39, 2, '고추장 많이', 19),  -- 비빔밥 2개, 8000 * 2 = 16000
    (124, 10, 39, 1, '단무지 많이', 29), -- 김밥 1개, 4000
    -- 총액: 12000 + 16000 + 4000 = 32000
    -- 김치찌개, 비빔밥 => 한식 => 대기번호 19번
    -- 김밥 => 분식 => 대기번호 29번

    -- Order 40
    (125, 1, 40, 2, '적게 양념', 20),    -- 짜장면 2개, 5000 * 2 = 10000
    (126, 2, 40, 2, '더 많은 양념', 20), -- 짬뽕 2개, 6000 * 2 = 12000
    (127, 11, 40, 1, '떡 추가', 30),     -- 떡볶이 1개, 5000
    (128, 10, 40, 1, '단무지 많이', 30), -- 김밥 1개, 4000
    -- 총액: 10000 + 12000 + 5000 + 4000 = 31000
    -- 짜장면, 짬뽕 => 중식 => 대기번호 20번
    -- 떡볶이, 김밥 => 분식 => 대기번호 30번
  
    -- Order 41
    (129, 7, 41, 2, '김치 추가', 20),    -- 김치찌개 2개, 6000 * 2 = 12000
    (130, 9, 41, 2, '고추장 많이', 20),  -- 비빔밥 2개, 8000 * 2 = 16000
    (131, 10, 41, 1, '단무지 많이', 31), -- 김밥 1개, 4000
    -- 총액: 12000 + 16000 + 4000 = 32000
    -- 김치찌개, 비빔밥 => 한식 => 대기번호 20번
    -- 김밥 => 분식 => 대기번호 31번

    -- Order 42
    (132, 1, 42, 2, '적게 양념', 21),    -- 짜장면 2개, 5000 * 2 = 10000
    (133, 2, 42, 2, '더 많은 양념', 21), -- 짬뽕 2개, 6000 * 2 = 12000
    (134, 11, 42, 1, '떡 추가', 32),     -- 떡볶이 1개, 5000
    -- 총액: 10000 + 12000 + 5000 = 27000
    -- 짜장면, 짬뽕 => 중식 => 대기번호 21번
    -- 떡볶이 => 분식 => 대기번호 32번

    -- Order 43
    (135, 8, 43, 2, '덜 달게', 21),      -- 불고기 2개, 10000 * 2 = 20000
    (136, 14, 43, 1, '버섯 많이', 10),   -- 리조또 1개, 11000
    -- 총액: 20000 + 11000 = 31000
    -- 불고기 => 한식 => 대기번호 21번
    -- 리조또 => 양식 => 대기번호 10번

    -- Order 44
    (137, 7, 44, 2, '매운맛', 22),       -- 김치찌개 2개, 6000 * 2 = 12000
    (138, 9, 44, 2, '고추장 많이', 22),  -- 비빔밥 2개, 8000 * 2 = 16000
    (139, 10, 44, 1, '단무지 많이', 33), -- 김밥 1개, 4000
    -- 총액: 12000 + 16000 + 4000 = 32000
    -- 김치찌개, 비빔밥 => 한식 => 대기번호 22번
    -- 김밥 => 분식 => 대기번호 33번

    -- Order 45
    (140, 1, 45, 1, '적게 양념', 22),    -- 짜장면 1개, 5000
    (141, 2, 45, 2, '더 많은 양념', 22), -- 짬뽕 2개, 6000 * 2 = 12000
    (142, 11, 45, 1, '떡 추가', 34),     -- 떡볶이 1개, 5000
    (143, 10, 45, 1, '단무지 많이', 34), -- 김밥 1개, 4000
    -- 총액: 5000 + 12000 + 5000 + 4000 = 26000
    -- 짜장면, 짬뽕 => 중식 => 대기번호 22번
    -- 떡볶이, 김밥 => 분식 => 대기번호 34번

    -- Order 46
    (144, 5, 46, 2, '와사비 없음', 3),      -- 초밥 2개, 10000 * 2 = 20000
    (145, 14, 46, 1, '버섯 많이', 11),   -- 리조또 1개, 11000
    -- 총액: 20000 + 11000 = 31000
    -- 초밥 => 아시안음식 => 대기번호 3번
    -- 리조또 => 양식 => 대기번호 11번

    -- Order 47
    (146, 7, 47, 2, '매운맛', 23),       -- 김치찌개 2개, 6000 * 2 = 12000
    (147, 9, 47, 2, '고추장 많이', 23),  -- 비빔밥 2개, 8000 * 2 = 16000
    (148, 10, 47, 1, '단무지 많이', 35), -- 김밥 1개, 4000
    -- 총액: 12000 + 16000 + 4000 = 32000
    -- 김치찌개, 비빔밥 => 한식 => 대기번호 23번
    -- 김밥 => 분식 => 대기번호 35번

    -- Order 48
    (149, 1, 48, 1, '적게 양념', 23),    -- 짜장면 1개, 5000
    (150, 2, 48, 2, '더 많은 양념', 23), -- 짬뽕 2개, 6000 * 2 = 12000
    (151, 11, 48, 2, '떡 추가', 36),     -- 떡볶이 2개, 5000 * 2 = 10000
    (152, 10, 48, 1, '단무지 많이', 36), -- 김밥 1개, 4000
    -- 총액: 5000 + 12000 + 10000 + 4000 = 31000
    -- 짜장면, 짬뽕 => 중식 => 대기번호 23번
    -- 떡볶이, 김밥 => 분식 => 대기번호 36번

    -- Order 49
    (153, 7, 49, 2, '매운맛', 24),       -- 김치찌개 2개, 6000 * 2 = 12000
    (154, 9, 49, 2, '고추장 많이', 24),  -- 비빔밥 2개, 8000 * 2 = 16000
    (155, 5, 49, 1, '밥 절반만', 4),      -- 초밥 1개, 10000
    -- 총액: 12000 + 10000 + 16000 = 38000
    -- 김치찌개, 비빔밥 => 한식 => 대기번호 24번
    -- 초밥 => 아시안음식 => 대기번호 4번

    -- Order 50
    (156, 1, 50, 1, '적게 양념', 24),    -- 짜장면 1개, 5000
    (157, 2, 50, 2, '더 많은 양념', 24), -- 짬뽕 2개, 6000 * 2 = 12000
    (158, 11, 50, 1, '떡 추가', 37),     -- 떡볶이 1개, 5000
    (159, 10, 50, 1, '단무지 많이', 37), -- 김밥 1개, 4000
    (160, 13, 50, 1, '크림 많이', 12),   -- 파스타 1개, 12000
    -- 총액: 5000 + 12000 + 5000 + 4000 + 12000 = 38000
    -- 짜장면, 짬뽕 => 중식 => 대기번호 24번
    -- 떡볶이, 김밥 => 분식 => 대기번호 37번
    -- 파스타 => 양식 => 대기번호 12번

    -- Order 51
    (161, 1, 51, 1, '적게 양념', 25),    -- 짜장면 1개, 5000
    (162, 2, 51, 1, '더 많은 양념', 25), -- 짬뽕 1개, 6000
    (163, 3, 51, 1, '소스 많이', 25),    -- 탕수육 1개, 8000
    (164, 10, 51, 1, '단무지 많이', 38), -- 김밥 1개, 4000
    (165, 11, 51, 1, '떡 추가', 38),     -- 떡볶이 1개, 5000
    -- 총액: 5000 + 6000 + 8000 + 4000 + 5000 = 28000
    -- 짜장면, 짬뽕, 탕수육 => 중식 => 대기번호 25번
    -- 김밥, 떡볶이 => 분식 => 대기번호 38번

    -- Order 52
    (166, 7, 52, 2, '매운맛', 25),        -- 김치찌개 2개, 6000 * 2 = 12000
    (167, 8, 52, 1, '덜 달게', 25),       -- 불고기 1개, 10000
    (168, 9, 52, 2, '고추장 많이', 25),   -- 비빔밥 2개, 8000 * 2 = 16000
    -- 총액: 12000 + 10000 + 16000 = 38000
    -- 김치찌개, 불고기, 비빔밥 => 한식 => 대기번호 25번

    -- Order 53
    (169, 1, 53, 2, '적게 양념', 26),    -- 짜장면 2개, 5000 * 2 = 10000
    (170, 2, 53, 2, '더 많은 양념', 26), -- 짬뽕 2개, 6000 * 2 = 12000
    (171, 11, 53, 1, '떡 추가', 39),     -- 떡볶이 1개, 5000
    -- 총액: 10000 + 12000 + 5000 = 27000
    -- 짜장면, 짬뽕 => 중식 => 대기번호 26번
    -- 떡볶이 => 분식 => 대기번호 39번

    -- Order 54
    (172, 4, 54, 2, '와사비 음', 5),      -- 초밥2개, 10000 * 2 = 20000
    (173, 14, 54, 1, '버섯 많이', 13),   -- 리조또 1개, 11000
    (174, 10, 54, 1, '단무지 많이', 40), -- 김밥 1개, 4000
    -- 총액: 20000 + 11000 + 4000 = 35000
    -- 초밥 => 아시안음식 => 대기번호 5번
    -- 리조또 => 양식 => 대기번호 13번
    -- 김밥 => 분식 => 대기번호 40번

    -- Order 55
    (175, 1, 55, 2, '적게 양념', 27),    -- 짜장면 2개, 5000 * 2 = 10000
    (176, 2, 55, 2, '더 많은 양념', 27), -- 짬뽕 2개, 6000 * 2 = 12000
    (177, 10, 55, 2, '단무지 많이', 41), -- 김밥 2개, 4000 * 2 = 8000
    -- 총액: 10000 + 12000 + 8000 = 30000
    -- 짜장면, 짬뽕 => 중식 => 대기번호 27번
    -- 김밥 => 분식 => 대기번호 41번

    -- Order 56
    (178, 7, 56, 1, '김치 추가', 26),    -- 김치찌개 1개, 6000
    (179, 8, 56, 1, '덜 달게', 26),      -- 불고기 1개, 10000
    (180, 9, 56, 2, '고추장 많이', 26),  -- 비빔밥 2개, 8000 * 2 = 16000
    -- 총액: 6000 + 10000 + 16000 = 32000
    -- 김치찌개, 불고기, 비빔밥 => 한식 => 대기번호 26번

    -- Order 57
    (181, 1, 57, 2, '적게 양념', 28),    -- 짜장면 2개, 5000 * 2 = 10000
    (182, 2, 57, 2, '더 많은 양념', 28), -- 짬뽕 2개, 6000 * 2 = 12000
    (183, 11, 57, 1, '떡 추가', 42),     -- 떡볶이 1개, 5000
    -- 총액: 10000 + 12000 + 5000 = 27000
    -- 짜장면, 짬뽕 => 중식 => 대기번호 28번
    -- 떡볶이 => 분식 => 대기번호 42번

    -- Order 58
    (184, 5, 58, 2, '밥 양 적게', 6),    -- 초밥 2개, 10000 * 2 = 20000
    (185, 14, 58, 1, '버섯 많이', 14),   -- 리조또 1개, 11000
    -- 총액: 20000 + 11000 = 31000
    -- 초밥 => 아시안음식 => 대기번호 6번
    -- 리조또 => 양식 => 대기번호 14번

    -- Order 59
    (186, 7, 59, 2, '매운맛', 27),       -- 김치찌개 2개, 6000 * 2 = 12000
    (187, 9, 59, 2, '고추장 많이', 27),  -- 비빔밥 2개, 8000 * 2 = 16000
    (188, 10, 59, 1, '단무지 많이', 43), -- 김밥 1개, 4000
    -- 총액: 12000 + 16000 + 4000 = 32000
    -- 김치찌개, 비빔밥 => 한식 => 대기번호 27번
    -- 김밥 => 분식 => 대기번호 43번

    -- Order 60
    (189, 1, 60, 2, '적게 양념', 29),    -- 짜장면 2개, 5000 * 2 = 10000
    (190, 2, 60, 2, '더 많은 양념', 29), -- 짬뽕 2개, 6000 * 2 = 12000
    (191, 11, 60, 1, '떡 추가', 44),     -- 떡볶이 1개, 5000
    (192, 10, 60, 1, '단무지 많이', 44); -- 김밥 1개, 4000
    -- 총액: 10000 + 12000 + 5000 + 4000 = 31000
    -- 짜장면, 짬뽕 => 중식 => 대기번호 29번
    -- 떡볶이, 김밥 => 분식 => 대기번호 44번

INSERT INTO ORDERBASIC (OBID, CID, TOTALAMOUNT, POINTUSEAMOUNT, ORDERDATE, ORDERTYPE, PAYMENTTYPE)
VALUES
    -- 2024-05-03
    (61, 1, 27000, 0, '2024-05-03', '포장&수저포크O', '카드'),
    (62, 2, 35000, 0, '2024-05-03', '포장&수저포크X', '현장결제'),
    (63, 3, 32000, 0, '2024-05-03', '매장', '카드'),
    (64, 4, 35000, 0, '2024-05-03', '포장&수저포크O', '카드'),
    (65, 36, 32000, 0, '2024-05-03', '매장', '현장결제'),
    (66, 37, 31000, 0, '2024-05-03', '포장&수저포크X', '카드'),
    (67, 38, 38000, 0, '2024-05-03', '매장', '카드'),
    (68, 39, 27000, 0, '2024-05-03', '포장&수저포크O', '현장결제'),
    (69, 40, 31000, 0, '2024-05-03', '매장', '카드'),
    (70, 10, 37000, 0, '2024-05-03', '포장&수저포크O', '현장결제'),
    (71, 11, 31000, 0, '2024-05-03', '매장', '카드'),
    (72, 12, 38000, 0, '2024-05-03', '포장&수저포크X', '현장결제'),
    (73, 13, 22000, 0, '2024-05-03', '매장', '카드'),
    (74, 14, 31000, 0, '2024-05-03', '포장&수저포크O', '현장결제'),
    (75, 15, 32000, 0, '2024-05-03', '매장', '카드'),
    (76, 31, 38000, 0, '2024-05-03', '포장&수저포크X', '카드'),
    (77, 32, 38000, 0, '2024-05-03', '매장', '카드'),
    (78, 33, 34000, 0, '2024-05-03', '포장&수저포크O', '현장결제'),
    (79, 34, 32000, 0, '2024-05-03', '포장&수저포크X', '카드'),
    (80, 35, 39000, 0, '2024-05-03', '매장', '카드'),
    (81, 21, 32000, 0, '2024-05-03', '포장&수저포크O', '현장결제'),
    (82, 22, 27000, 0, '2024-05-03', '매장', '카드'),
    (83, 23, 31000, 0, '2024-05-03', '포장&수저포크X', '카드'),
    (84, 24, 32000, 0, '2024-05-03', '매장', '현장결제'),
    (85, 25, 38000, 0, '2024-05-03', '포장&수저포크O', '카드'),
    (86, 26, 32000, 0, '2024-05-03', '매장', '현장결제'),
    (87, 27, 31000, 0, '2024-05-03', '포장&수저포크X', '카드'),
    (88, 28, 31000, 0, '2024-05-03', '매장', '카드'),
    (89, 29, 32000, 0, '2024-05-03', '포장&수저포크O', '현장결제'),
    (90, 30, 43000, 0, '2024-05-03', '포장&수저포크X', '카드');

INSERT INTO ORDERDETAIL (ODDID, MID, OBID, COUNT, REQUEST, WAITNUMBER)
VALUES
    -- Order 61
    (193, 1, 61, 2, '적게 양념', 30),    -- 짜장면 2개, 5000 * 2 = 10000
    (194, 2, 61, 2, '더 많은 양념', 30), -- 짬뽕 2개, 6000 * 2 = 12000
    (195, 11, 61, 1, '떡 추가', 45),     -- 떡볶이 1개, 5000
    -- 총액: 10000 + 12000 + 5000 = 27000
    -- 짜장면, 짬뽕 => 중식 => 대기번호 30번
    -- 떡볶이 => 분식 => 대기번호 45번

    -- Order 62
    (196, 8, 62, 2, '덜 달게', 7),      -- 초밥 2개, 10000 * 2 = 20000
    (197, 14, 62, 1, '버섯 많이', 15),   -- 리조또 1개, 11000
    (198, 10, 62, 1, '단무지 많이', 46), -- 김밥 1개, 4000
    -- 총액: 20000 + 11000 + 4000 = 35000
    -- 초밥 => 아시안음식 => 대기번호 7번
    -- 리조또 => 양식 => 대기번호 15번
    -- 김밥 => 분식 => 대기번호 46번

    -- Order 63
    (199, 7, 63, 2, '매운맛', 28),       -- 김치찌개 2개, 6000 * 2 = 12000
    (200, 9, 63, 2, '고추장 많이', 28),  -- 비빔밥 2개, 8000 * 2 = 16000
    (201, 10, 63, 1, '단무지 많이', 47), -- 김밥 1개, 4000
    -- 총액: 12000 + 16000 + 4000 = 32000
    -- 김치찌개, 비빔밥 => 한식 => 대기번호 28번
    -- 김밥 => 분식 => 대기번호 47번

    -- Order 64
    (202, 1, 64, 2, '적게 양념', 31),    -- 짜장면 2개, 5000 * 2 = 10000
    (203, 2, 64, 2, '더 많은 양념', 31), -- 짬뽕 2개, 6000 * 2 = 12000
    (204, 11, 64, 1, '떡 추가', 48),     -- 떡볶이 1개, 5000
    (205, 10, 64, 2, '단무지 많이', 48), -- 김밥 2개, 4000 * 2 = 8000
    -- 총액: 10000 + 12000 + 5000 + 8000 = 35000
    -- 짜장면, 짬뽕 => 중식 => 대기번호 31번
    -- 떡볶이, 김밥 => 분식 => 대기번호 48번

    -- Order 65
    (206, 7, 65, 2, '매운맛', 29),       -- 김치찌개 2개, 6000 * 2 = 12000
    (207, 9, 65, 2, '고추장 많이', 29),  -- 비빔밥 2개, 8000 * 2 = 16000
    (208, 10, 65, 1, '단무지 많이', 49), -- 김밥 1개, 4000
    -- 총액: 12000 + 16000 + 4000 = 32000
    -- 김치찌개, 비빔밥 => 한식 => 대기번호 29번
    -- 김밥 => 분식 => 대기번호 49번

    -- Order 66
    (209, 1, 66, 1, '적게 양념', 32),    -- 짜장면 1개, 5000
    (210, 2, 66, 2, '더 많은 양념', 32), -- 짬뽕 2개, 6000 * 2 = 12000
    (211, 11, 66, 2, '떡 추가', 50),     -- 떡볶이 2개, 5000 * 2 = 10000
    (212, 10, 66, 1, '단무지 많이', 50), -- 김밥 1개, 4000
    -- 총액: 5000 + 12000 + 10000 + 4000 = 31000
    -- 짜장면, 짬뽕 => 중식 => 대기번호 32번
    -- 떡볶이, 김밥 => 분식 => 대기번호 50번

    -- Order 67
    (213, 7, 67, 2, '매운맛', 30),       -- 김치찌개 2개, 6000 * 2 = 12000
    (214, 9, 67, 2, '고추장 많이', 30),  -- 비빔밥 2개, 8000 * 2 = 16000
    (215, 5, 67, 1, '밥 적게', 8),      -- 초밥 1개, 10000
    -- 총액: 12000 + 10000 + 16000 = 38000
    -- 김치찌개, 비빔밥 => 한식 => 대기번호 30번
    -- 초밥 => 아시안음식 => 대기번호 8번

    -- Order 68
    (216, 1, 68, 2, '적게 양념', 33),    -- 짜장면 2개, 5000 * 2 = 10000
    (217, 2, 68, 2, '더 많은 양념', 33), -- 짬뽕 2개, 6000 * 2 = 12000
    (218, 11, 68, 1, '떡 추가', 51),     -- 떡볶이 1개, 5000
    -- 총액: 10000 + 12000 + 5000 = 27000
    -- 짜장면, 짬뽕 => 중식 => 대기번호 33번
    -- 떡볶이 => 분식 => 대기번호 51번

    -- Order 69
    (219, 5, 69, 2, '밥 많이', 9),      -- 초밥 2개, 10000 * 2 = 20000
    (220, 14, 69, 1, '버섯 많이', 16),   -- 리조또 1개, 11000
    -- 총액: 20000 + 11000 = 31000
    -- 초밥 => 아시안음식 => 대기번호 9번
    -- 리조또 => 양식 => 대기번호 16번

    -- Order 70
    (221, 7, 70, 2, '매운맛', 31),       -- 김치찌개 2개, 6000 * 2 = 12000
    (222, 9, 70, 2, '고추장 많이', 31),  -- 비빔밥 2개, 8000 * 2 = 16000
    (223, 10, 70, 1, '단무지 많이', 52), -- 김밥 1개, 4000
    (224, 11, 70, 1, '떡 추가', 52),     -- 떡볶이 1개, 5000
    -- 총액: 12000 + 16000 + 4000 + 5000 = 37000
    -- 김치찌개, 비빔밥 => 한식 => 대기번호 31번
    -- 김밥, 떡볶이 => 분식 => 대기번호 52번

    -- Order 71
    (225, 1, 71, 1, '적게 양념', 34),    -- 짜장면 1개, 5000
    (226, 2, 71, 2, '더 많은 양념', 34), -- 짬뽕 2개, 6000 * 2 = 12000
    (227, 11, 71, 2, '떡 추가', 53),     -- 떡볶이 2개, 5000 * 2 = 10000
    (228, 10, 71, 1, '단무지 많이', 53), -- 김밥 1개, 4000
    -- 총액: 5000 + 12000 + 10000 + 4000 = 31000
    -- 짜장면, 짬뽕 => 중식 => 대기번호 34번
    -- 떡볶이, 김밥 => 분식 => 대기번호 53번

    -- Order 72
    (229, 7, 72, 2, '매운맛', 32),       -- 김치찌개 2개, 6000 * 2 = 12000
    (230, 8, 72, 1, '덜 달게', 32),      -- 불고기 1개, 10000
    (231, 9, 72, 2, '고추장 많이', 32),  -- 비빔밥 2개, 8000 * 2 = 16000
    -- 총액: 12000 + 10000 + 16000 = 38000
    -- 김치찌개, 불고기, 비빔밥 => 한식 => 대기번호 32번
    
    -- Order 73
    (232, 1, 73, 1, '적게 양념', 35),    -- 짜장면 1개, 5000
    (233, 2, 73, 2, '더 많은 양념', 35), -- 짬뽕 2개, 6000 * 2 = 12000
    (234, 11, 73, 1, '떡 추가', 54),     -- 떡볶이 1개, 5000
    -- 총액: 5000 + 12000 + 5000 = 22000
    -- 짜장면, 짬뽕 => 중식 => 대기번호 35번
    -- 떡볶이 => 분식 => 대기번호 54번

    -- Order 74
    (235, 8, 74, 2, '덜 달게', 33),      -- 불고기 2개, 10000 * 2 = 20000
    (236, 14, 74, 1, '버섯 많이', 17),   -- 리조또 1개, 11000
    -- 총액: 20000 + 11000 = 31000
    -- 불고기 => 한식 => 대기번호 33번
    -- 리조또 => 양식 => 대기번호 17번

    -- Order 75
    (237, 7, 75, 2, '매운맛', 34),       -- 김치찌개 2개, 6000 * 2 = 12000
    (238, 9, 75, 2, '고추장 많이', 34),  -- 비빔밥 2개, 8000 * 2 = 16000
    (239, 10, 75, 1, '단무지 많이', 55), -- 김밥 1개, 4000
    -- 총액: 12000 + 16000 + 4000 = 32000
    -- 김치찌개, 비빔밥 => 한식 => 대기번호 34번
    -- 김밥 => 분식 => 대기번호 55번

    -- Order 76
    (240, 1, 76, 1, '적게 양념', 36),    -- 짜장면 1개, 5000
    (241, 2, 76, 2, '더 많은 양념', 36), -- 짬뽕 2개, 6000 * 2 = 12000
    (242, 11, 76, 1, '떡 추가', 56),     -- 떡볶이 1개, 5000
    (243, 10, 76, 1, '단무지 많이', 56), -- 김밥 1개, 4000
    (244, 13, 76, 1, '크림 많이', 18),   -- 파스타 1개, 12000
    -- 총액: 5000 + 12000 + 5000 + 4000 + 12000 = 38000
    -- 짜장면, 짬뽕 => 중식 => 대기번호 36번
    -- 떡볶이, 김밥 => 분식 => 대기번호 56번
    -- 파스타 => 양식 => 대기번호 18번

    -- Order 77
    (245, 7, 77, 2, '매운맛', 35),       -- 김치찌개 2개, 6000 * 2 = 12000
    (246, 8, 77, 1, '덜 달게', 35),      -- 불고기 1개, 10000
    (247, 9, 77, 2, '고추장 많이', 35),  -- 비빔밥 2개, 8000 * 2 = 16000
    -- 총액: 12000 + 10000 + 16000 = 38000
    -- 김치찌개, 불고기, 비빔밥 => 한식 => 대기번호 35번

    -- Order 78
    (248, 1, 78, 1, '적게 양념', 37),    -- 짜장면 1개, 5000
    (249, 2, 78, 2, '더 많은 양념', 37), -- 짬뽕 2개, 6000 * 2 = 12000
    (250, 11, 78, 1, '떡 추가', 57),     -- 떡볶이 1개, 5000
    (251, 10, 78, 1, '단무지 많이', 57), -- 김밥 1개, 4000
    (252, 3, 78, 1, '소스 많이', 37),    -- 탕수육 1개, 8000
    -- 총액: 5000 + 12000 + 5000 + 4000 + 8000 = 34000
    -- 짜장면, 짬뽕, 탕수육 => 중식 => 대기번호 37번
    -- 떡볶이, 김밥 => 분식 => 대기번호 57번

    -- Order 79
    (253, 7, 79, 2, '매운맛', 36),       -- 김치찌개 2개, 6000 * 2 = 12000
    (254, 9, 79, 2, '고추장 많이', 36),  -- 비빔밥 2개, 8000 * 2 = 16000
    (255, 10, 79, 1, '단무지 많이', 58), -- 김밥 1개, 4000
    -- 총액: 12000 + 16000 + 4000 = 32000
    -- 김치찌개, 비빔밥 => 한식 => 대기번호 36번
    -- 김밥 => 분식 => 대기번호 58번
    
    -- Order 80
    (256, 1, 80, 2, '적게 양념', 38),    -- 짜장면 2개, 5000 * 2 = 10000
    (257, 2, 80, 2, '더 많은 양념', 38), -- 짬뽕 2개, 6000 * 2 = 12000
    (258, 11, 80, 1, '떡 추가', 59),     -- 떡볶이 1개, 5000
    (259, 10, 80, 1, '단무지 많이', 59), -- 김밥 1개, 4000
    (260, 3, 80, 1, '소스 많이', 38),    -- 탕수육 1개, 8000
    -- 총액: 10000 + 12000 + 5000 + 4000 + 8000 = 39000
    -- 짜장면, 짬뽕, 탕수육 => 중식 => 대기번호 38번
    -- 떡볶이, 김밥 => 분식 => 대기번호 59번

    -- Order 81
    (261, 7, 81, 2, '매운맛', 37),       -- 김치찌개 2개, 6000 * 2 = 12000
    (262, 9, 81, 2, '고추장 많이', 37),  -- 비빔밥 2개, 8000 * 2 = 16000
    (263, 10, 81, 1, '단무지 많이', 60), -- 김밥 1개, 4000
    -- 총액: 12000 + 16000 + 4000 = 32000
    -- 김치찌개, 비빔밥 => 한식 => 대기번호 37번
    -- 김밥 => 분식 => 대기번호 60번

    -- Order 82
    (264, 1, 82, 1, '적게 양념', 39),    -- 짜장면 1개, 5000
    (265, 2, 82, 2, '더 많은 양념', 39), -- 짬뽕 2개, 6000 * 2 = 12000
    (266, 11, 82, 2, '떡 추가', 61),     -- 떡볶이 2개, 5000 * 2 = 10000
    -- 총액: 5000 + 12000 + 10000 = 27000
    -- 짜장면, 짬뽕 => 중식 => 대기번호 39번
    -- 떡볶이 => 분식 => 대기번호 61번

    -- Order 83
    (267, 5, 83, 2, '와사비 많이', 10),    -- 초밥 2개, 10000 * 2 = 20000
    (268, 14, 83, 1, '버섯 많이', 19),   -- 리조또 1개, 11000
    -- 총액: 20000 + 11000 = 31000
    -- 초밥 => 아시안 음식 => 대기번호 10번
    -- 리조또 => 양식 => 대기번호 19번

    -- Order 84
    (269, 7, 84, 2, '매운맛', 38),       -- 김치찌개 2개, 6000 * 2 = 12000
    (270, 9, 84, 2, '고추장 많이', 38),  -- 비빔밥 2개, 8000 * 2 = 16000
    (271, 10, 84, 1, '단무지 많이', 62), -- 김밥 1개, 4000
    -- 총액: 12000 + 16000 + 4000 = 32000
    -- 김치찌개, 비빔밥 => 한식 => 대기번호 38번
    -- 김밥 => 분식 => 대기번호 62번

    -- Order 85
    (272, 1, 85, 1, '적게 양념', 40),    -- 짜장면 1개, 5000
    (273, 2, 85, 2, '더 많은 양념', 40), -- 짬뽕 2개, 6000 * 2 = 12000
    (274, 11, 85, 1, '떡 추가', 63),     -- 떡볶이 1개, 5000
    (275, 10, 85, 1, '단무지 많이', 63), -- 김밥 1개, 4000
    (276, 13, 85, 1, '크림 많이', 20),   -- 파스타 1개, 12000
    -- 총액: 5000 + 12000 + 5000 + 4000 + 12000 = 38000
    -- 짜장면, 짬뽕 => 중식 => 대기번호 40번
    -- 떡볶이, 김밥 => 분식 => 대기번호 63번
    -- 파스타 => 양식 => 대기번호 20번

    -- Order 86
    (277, 7, 86, 2, '매운맛', 39),       -- 김치찌개 2개, 6000 * 2 = 12000
    (278, 9, 86, 2, '고추장 많이', 39),  -- 비빔밥 2개, 8000 * 2 = 16000
    (279, 10, 86, 1, '단무지 많이', 64), -- 김밥 1개, 4000
    -- 총액: 12000 + 16000 + 4000 = 32000
    -- 김치찌개, 비빔밥 => 한식 => 대기번호 39번
    -- 김밥 => 분식 => 대기번호 64번

    -- Order 87
    (280, 1, 87, 2, '적게 양념', 41),    -- 짜장면 2개, 5000 * 2 = 10000
    (281, 2, 87, 2, '더 많은 양념', 41), -- 짬뽕 2개, 6000 * 2 = 12000
    (282, 11, 87, 1, '떡 추가', 65),     -- 떡볶이 1개, 5000
    (283, 10, 87, 1, '단무지 많이', 65), -- 김밥 1개, 4000
    -- 총액: 10000 + 12000 + 5000 + 4000 = 31000
    -- 짜장면, 짬뽕 => 중식 => 대기번호 41번
    -- 떡볶이, 김밥 => 분식 => 대기번호 65번

    -- Order 88
    (284, 5, 88, 2, '와사비 없음', 11),      -- 초밥 2개, 10000 * 2 = 20000
    (285, 14, 88, 1, '버섯 많이', 21),   -- 리조또 1개, 11000
    -- 총액: 20000 + 11000 = 31000
    -- 초밥 => 아시안음식 => 대기번호 11번
    -- 리조또 => 양식 => 대기번호 21번

    -- Order 89
    (286, 7, 89, 2, '매운맛', 40),       -- 김치찌개 2개, 6000 * 2 = 12000
    (287, 9, 89, 2, '고추장 많이', 40),  -- 비빔밥 2개, 8000 * 2 = 16000
    (288, 10, 89, 1, '단무지 많이', 66), -- 김밥 1개, 4000
    -- 총액: 12000 + 16000 + 4000 = 32000
    -- 김치찌개, 비빔밥 => 한식 => 대기번호 40번
    -- 김밥 => 분식 => 대기번호 66번
    
    -- Order 90
    (289, 1, 90, 1, '적게 양념', 42),    -- 짜장면 1개, 5000
    (290, 2, 90, 2, '더 많은 양념', 42), -- 짬뽕 2개, 6000 * 2 = 12000
    (291, 11, 90, 2, '떡 추가', 67),     -- 떡볶이 2개, 5000 * 2 = 10000
    (292, 10, 90, 1, '단무지 많이', 67), -- 김밥 1개, 4000
    (293, 13, 90, 1, '크림 많이', 22);   -- 파스타 1개, 12000
    -- 총액: 5000 + 12000 + 10000 + 4000 + 12000 = 43000
    -- 짜장면, 짬뽕 => 중식 => 대기번호 42번
    -- 떡볶이, 김밥 => 분식 => 대기번호 67번
    -- 파스타 => 양식 => 대기번호 22번
    
INSERT INTO ORDERBASIC (OBID, CID, TOTALAMOUNT, POINTUSEAMOUNT, ORDERDATE, ORDERTYPE, PAYMENTTYPE)
VALUES
    -- 2024-05-04
    (91, 1, 34000, 0, '2024-05-04', '포장&수저포크O', '카드'),
    (92, 2, 38000, 0, '2024-05-04', '포장&수저포크X', '현장결제'),
    (93, 3, 31000, 0, '2024-05-04', '매장', '카드'),
    (94, 4, 42000, 0, '2024-05-04', '포장&수저포크O', '카드'),
    (95, 5, 42000, 0, '2024-05-04', '매장', '현장결제'),
    (96, 6, 33000, 0, '2024-05-04', '포장&수저포크X', '카드'),
    (97, 7, 39000, 0, '2024-05-04', '매장', '카드'),
    (98, 8, 36000, 0, '2024-05-04', '포장&수저포크O', '현장결제'),
    (99, 9, 21000, 0, '2024-05-04', '매장', '카드'),
    (100, 31, 34000, 0, '2024-05-04', '포장&수저포크O', '현장결제'),
    (101, 32, 27000, 0, '2024-05-04', '매장', '카드'),
    (102, 33, 17000, 0, '2024-05-04', '포장&수저포크X', '현장결제'),
    (103, 34, 28000, 0, '2024-05-04', '매장', '카드'),
    (104, 35, 39000, 0, '2024-05-04', '포장&수저포크O', '현장결제'),
    (105, 15, 11000, 0, '2024-05-04', '매장', '카드'),
    (106, 16, 25000, 0, '2024-05-04', '포장&수저포크X', '카드'),
    (107, 17, 30000, 0, '2024-05-04', '매장', '카드'),
    (108, 18, 31000, 0, '2024-05-04', '포장&수저포크O', '현장결제'),
    (109, 19, 27000, 0, '2024-05-04', '포장&수저포크X', '카드'),
    (110, 20, 39000, 0, '2024-05-04', '매장', '카드'),
    (111, 21, 9000, 0, '2024-05-04', '포장&수저포크O', '현장결제'),
    (112, 36, 28000, 0, '2024-05-04', '매장', '카드'),
    (113, 37, 27000, 0, '2024-05-04', '포장&수저포크X', '카드'),
    (114, 38, 17000, 0, '2024-05-04', '매장', '현장결제'),
    (115, 39, 25000, 0, '2024-05-04', '포장&수저포크O', '카드'),
    (116, 40, 16000, 0, '2024-05-04', '매장', '현장결제'),
    (117, 27, 17000, 0, '2024-05-04', '포장&수저포크X', '카드'),
    (118, 28, 20000, 0, '2024-05-04', '매장', '카드'),
    (119, 29, 27000, 0, '2024-05-04', '포장&수저포크O', '현장결제'),
    (120, 30, 24000, 0, '2024-05-04', '포장&수저포크X', '카드');
    
INSERT INTO ORDERDETAIL (ODDID, MID, OBID, COUNT, REQUEST, WAITNUMBER)
VALUES
    -- Order 91
    (294, 1, 91, 1, '적게 양념', 43),    -- 짜장면 1개, 5000
    (295, 2, 91, 1, '더 많은 양념', 43), -- 짬뽕 1개, 6000
    (296, 4, 91, 2, '소고기 많이', 12),  -- 쌀국수 2개, 7000 * 2 = 14000
    (297, 10, 91, 1, '단무지 많이', 68), -- 김밥 1개, 4000
    (298, 11, 91, 1, '떡 추가', 68),     -- 떡볶이 1개, 5000
    -- 총액: 5000 + 6000 + 14000 + 4000 + 5000 = 34000
    -- 짜장면, 짬뽕 => 중식 => 대기번호 43번
    -- 쌀국수 => 아시안음식 => 대기번호 12번
    -- 김밥, 떡볶이 => 분식 => 대기번호 68번

    -- Order 92
    (299, 7, 92, 2, '매운맛', 41),       -- 김치찌개 2개, 6000 * 2 = 12000
    (300, 8, 92, 1, '덜 달게', 41),      -- 불고기 1개, 10000
    (301, 9, 92, 2, '고추장 많이', 41),  -- 비빔밥 2개, 8000 * 2 = 16000
    -- 총액: 12000 + 10000 + 16000 = 38000
    -- 김치찌개, 불고기, 비빔밥 => 한식 => 대기번호 41번

    -- Order 93
    (302, 1, 93, 1, '적게 양념', 44),    -- 짜장면 1개, 5000
    (303, 2, 93, 2, '더 많은 양념', 44), -- 짬뽕 2개, 6000 * 2 = 12000
    (304, 6, 93, 1, '소스 추가', 13),    -- 월남쌈 1개, 9000
    (305, 11, 93, 1, '떡 추가', 69),     -- 떡볶이 1개, 5000
    -- 총액: 5000 + 12000 + 9000 + 5000 = 31000
    -- 짜장면, 짬뽕 => 중식 => 대기번호 44번
    -- 월남쌈 => 아시안음식 => 대기번호 13번
    -- 떡볶이 => 분식 => 대기번호 69번

    -- Order 94
    (306, 8, 94, 2, '덜 달게', 42),      -- 불고기 2개, 10000 * 2 = 20000
    (307, 14, 94, 1, '버섯 많이', 23),   -- 리조또 1개, 11000
    (308, 10, 94, 1, '단무지 많이', 70), -- 김밥 1개, 4000
    (309, 4, 94, 1, '소고기 많이', 14),  -- 쌀국수 1개, 7000
    -- 총액: 20000 + 11000 + 4000 + 7000 = 42000
    -- 불고기 => 한식 => 대기번호 42번
    -- 리조또 => 양식 => 대기번호 23번
    -- 김밥 => 분식 => 대기번호 70번
    -- 쌀국수 => 아시안음식 => 대기번호 14번

    -- Order 95
    (310, 7, 95, 2, '매운맛', 43),       -- 김치찌개 2개, 6000 * 2 = 12000
    (311, 9, 95, 2, '고추장 많이', 43),  -- 비빔밥 2개, 8000 * 2 = 16000
    (312, 10, 95, 1, '단무지 많이', 71), -- 김밥 1개, 4000
    (313, 5, 95, 1, '생선 추가', 15),    -- 초밥 1개, 10000
    -- 총액: 12000 + 16000 + 4000 + 10000 = 42000
    -- 김치찌개, 비빔밥 => 한식 => 대기번호 43번
    -- 김밥 => 분식 => 대기번호 71번
    -- 초밥 => 아시안음식 => 대기번호 15번

    -- Order 96
    (314, 1, 96, 1, '적게 양념', 45),    -- 짜장면 1개, 5000
    (315, 2, 96, 2, '더 많은 양념', 45), -- 짬뽕 2개, 6000 * 2 = 12000
    (316, 11, 96, 1, '떡 추가', 72),     -- 떡볶이 1개, 5000
    (317, 10, 96, 1, '단무지 많이', 72), -- 김밥 1개, 4000
    (318, 4, 96, 1, '소고기 많이', 16),  -- 쌀국수 1개, 7000
    -- 총액: 5000 + 12000 + 5000 + 4000 + 7000 = 33000
    -- 짜장면, 짬뽕 => 중식 => 대기번호 45번
    -- 떡볶이, 김밥 => 분식 => 대기번호 72번
    -- 쌀국수 => 아시안음식 => 대기번호 16번

    -- Order 97
    (319, 7, 97, 2, '매운맛', 44),       -- 김치찌개 2개, 6000 * 2 = 12000
    (320, 9, 97, 2, '고추장 많이', 44),  -- 비빔밥 2개, 8000 * 2 = 16000
    (321, 10, 97, 1, '단무지 많이', 73), -- 김밥 1개, 4000
    (322, 4, 97, 1, '소고기 많이', 17),  -- 쌀국수 1개, 7000
    -- 총액: 12000 + 16000 + 4000 + 7000 = 39000
    -- 김치찌개, 비빔밥 => 한식 => 대기번호 44번
    -- 김밥 => 분식 => 대기번호 73번
    -- 쌀국수 => 아시안음식 => 대기번호 17번

    -- Order 98
    (323, 1, 98, 1, '적게 양념', 46),    -- 짜장면 1개, 5000
    (324, 2, 98, 2, '더 많은 양념', 46), -- 짬뽕 2개, 6000 * 2 = 12000
    (325, 11, 98, 1, '떡 추가', 74),     -- 떡볶이 1개, 5000
    (326, 10, 98, 1, '단무지 많이', 74), -- 김밥 1개, 4000
    (327, 5, 98, 1, '생선 추가', 18),    -- 초밥 1개, 10000
    -- 총액: 5000 + 12000 + 5000 + 4000 + 10000 = 36000
    -- 짜장면, 짬뽕 => 중식 => 대기번호 46번
    -- 떡볶이, 김밥 => 분식 => 대기번호 74번
    -- 초밥 => 아시안음식 => 대기번호 18번

    -- Order 99
    (328, 8, 99, 1, '덜 달게', 45),      -- 불고기 1개, 10000
    (329, 14, 99, 1, '버섯 많이', 24),   -- 리조또 1개, 11000
    -- 총액: 10000 + 11000 = 21000
    -- 불고기 => 한식 => 대기번호 45번
    -- 리조또 => 양식 => 대기번호 24번

    -- Order 100
    (330, 1, 100, 2, '적게 양념', 47),  -- 짜장면 2개, 5000 * 2 = 10000
    (331, 2, 100, 2, '더 많은 양념', 47),-- 짬뽕 2개, 6000 * 2 = 12000
    (332, 13, 100, 1, '크림 많이', 25),  -- 파스타 1개, 12000
    -- 총액: 10000 + 12000 + 12000 = 34000
    -- 짜장면, 짬뽕 => 중식 => 대기번호 47번
    -- 파스타 => 양식 => 대기번호 25번

    -- Order 101
    (333, 4, 101, 1, '소고기 많이', 19), -- 쌀국수 1개, 7000
    (334, 5, 101, 2, '생선 추가', 19),  -- 초밥 2개, 10000 * 2 = 20000
    -- 총액: 7000 + 20000 = 27000
    -- 쌀국수, 초밥 => 아시안음식 => 대기번호 19번

    -- Order 102
    (335, 9, 102, 1, '고추장 많이', 46), -- 비빔밥 1개, 8000
    (336, 10, 102, 1, '단무지 많이', 75),-- 김밥 1개, 4000
    (337, 11, 102, 1, '떡 추가', 75),    -- 떡볶이 1개, 5000
    -- 총액: 8000 + 4000 + 5000 = 17000
    -- 비빔밥 => 한식 => 대기번호 46번
    -- 김밥, 떡볶이 => 분식 => 대기번호 75번

    -- Order 103
    (338, 3, 103, 2, '소스 많이', 48),   -- 탕수육 2개, 8000 * 2 = 16000
    (339, 13, 103, 1, '크림 많이', 26),  -- 파스타 1개, 12000
    -- 총액: 16000 + 12000 = 28000
    -- 탕수육 => 중식 => 대기번호 48번
    -- 파스타 => 양식 => 대기번호 26번

    -- Order 104
    (340, 7, 104, 2, '매운맛', 47),      -- 김치찌개 2개, 6000 * 2 = 12000
    (341, 14, 104, 1, '버섯 많이', 27),  -- 리조또 1개, 11000
    (342, 9, 104, 2, '고추장 많이', 47), -- 비빔밥 2개, 8000 * 2 = 16000
    -- 총액: 12000 + 11000 + 16000 = 39000
    -- 김치찌개, 비빔밥 => 한식 => 대기번호 47번
    -- 리조또 => 양식 => 대기번호 27번

    -- Order 105
    (343, 1, 105, 1, '적게 양념', 49),  -- 짜장면 1개, 5000
    (344, 2, 105, 1, '더 많은 양념', 49),-- 짬뽕 1개, 6000
    -- 총액: 5000 + 6000 = 11000
    -- 짜장면, 짬뽕 => 중식 => 대기번호 49번

    -- Order 106
    (345, 10, 106, 2, '단무지 많이', 76),-- 김밥 2개, 4000 * 2 = 8000
    (346, 11, 106, 2, '떡 추가', 76),    -- 떡볶이 2개, 5000 * 2 = 10000
    (347, 4, 106, 1, '소고기 많이', 20), -- 쌀국수 1개, 7000
    -- 총액: 8000 + 10000 + 7000 = 25000
    -- 김밥, 떡볶이 => 분식 => 대기번호 76번
    -- 쌀국수 => 아시안음식 => 대기번호 20번

    -- Order 107
    (348, 7, 107, 1, '매운맛', 48),      -- 김치찌개 1개, 6000
    (349, 9, 107, 1, '고추장 많이', 48), -- 비빔밥 1개, 8000
    (350, 3, 107, 2, '소스 많이', 50),   -- 탕수육 2개, 8000 * 2 = 16000
    -- 총액: 6000 + 8000 + 16000 = 30000
    -- 김치찌개, 비빔밥 => 한식 => 대기번호 48번
    -- 탕수육 => 중식 => 대기번호 50번

    -- Order 108
    (351, 8, 108, 2, '덜 달게', 49),     -- 불고기 2개, 10000 * 2 = 20000
    (352, 14, 108, 1, '버섯 많이', 28),  -- 리조또 1개, 11000
    -- 총액: 20000 + 11000 = 31000
    -- 불고기 => 한식 => 대기번호 49번
    -- 리조또 => 양식 => 대기번호 28번

    -- Order 109
    (353, 4, 109, 1, '소고기 많이', 21), -- 쌀국수 1개, 7000
    (354, 5, 109, 2, '와사비 추가', 21),   -- 초밥 2개, 10000 * 2 = 20000
    -- 총액: 7000 + 20000 = 27000
    -- 쌀국수, 초밥 => 아시안음식 => 대기번호 21번

    -- Order 110
    (355, 7, 110, 2, '매운맛', 50),      -- 김치찌개 2개, 6000 * 2 = 12000
    (356, 9, 110, 2, '고추장 많이', 50), -- 비빔밥 2개, 8000 * 2 = 16000
    (357, 14, 110, 1, '버섯 많이', 29),  -- 리조또 1개, 11000
    -- 총액: 12000 + 16000 + 11000 = 39000
    -- 김치찌개, 비빔밥 => 한식 => 대기번호 50번
    -- 리조또 => 양식 => 대기번호 29번
    
    -- Order 111
    (358, 1, 111, 1, '적게 양념', 51),   -- 짜장면 1개, 5000
    (359, 10, 111, 1, '단무지 많이', 77),-- 김밥 1개, 4000
    -- 총액: 5000 + 4000 = 9000
    -- 짜장면 => 중식 => 대기번호 51번
    -- 김밥 => 분식 => 대기번호 77번

    -- Order 112
    (360, 7, 112, 2, '매운맛', 51),      -- 김치찌개 2개, 6000 * 2 = 12000
    (361, 9, 112, 2, '고추장 많이', 51), -- 비빔밥 2개, 8000 * 2 = 16000
    -- 총액: 12000 + 16000 = 28000
    -- 김치찌개, 비빔밥 => 한식 => 대기번호 51번

    -- Order 113
    (362, 4, 113, 1, '소고기 많이', 22), -- 쌀국수 1개, 7000
    (363, 5, 113, 2, '생선 추가', 22),   -- 초밥 2개, 10000 * 2 = 20000
    -- 총액: 7000 + 20000 = 27000
    -- 쌀국수, 초밥 => 아시안음식 => 대기번호 22번

    -- Order 114
    (364, 1, 114, 1, '적게 양념', 52),   -- 짜장면 1개, 5000
    (365, 13, 114, 1, '크림 많이', 30),  -- 파스타 1개, 12000
    -- 총액: 5000 + 12000 = 17000
    -- 짜장면 => 중식 => 대기번호 52번
    -- 파스타 => 양식 => 대기번호 30번

    -- Order 115
    (366, 10, 115, 2, '단무지 많이', 78),-- 김밥 2개, 4000 * 2 = 8000
    (367, 11, 115, 1, '떡 추가', 78),    -- 떡볶이 1개, 5000
    (368, 2, 115, 2, '더 많은 양념', 53),-- 짬뽕 2개, 6000 * 2 = 12000
    -- 총액: 8000 + 5000 + 12000 = 25000
    -- 김밥, 떡볶이 => 분식 => 대기번호 78번
    -- 짬뽕 => 중식 => 대기번호 53번

    -- Order 116
    (369, 3, 116, 2, '소스 많이', 54),   -- 탕수육 2개, 8000 * 2 = 16000
    -- 총액: 16000
    -- 탕수육 => 중식 => 대기번호 54번

    -- Order 117
    (370, 7, 117, 1, '매운맛', 52),      -- 김치찌개 1개, 6000
    (371, 14, 117, 1, '버섯 많이', 31),  -- 리조또 1개, 11000
    -- 총액: 6000 + 11000 = 17000
    -- 김치찌개 => 한식 => 대기번호 52번
    -- 리조또 => 양식 => 대기번호 31번

    -- Order 118
    (372, 8, 118, 2, '덜 달게', 53),     -- 불고기 2개, 10000 * 2 = 20000
    -- 총액: 20000
    -- 불고기 => 한식 => 대기번호 53번

    -- Order 119
    (373, 4, 119, 1, '소고기 많이', 23), -- 쌀국수 1개, 7000
    (374, 5, 119, 2, '생선 추가', 23),   -- 초밥 2개, 10000 * 2 = 20000
    -- 총액: 7000 + 20000 = 27000
    -- 쌀국수, 초밥 => 아시안음식 => 대기번호 23번

    -- Order 120
    (375, 1, 120, 1, '적게 양념', 55),   -- 짜장면 1개, 5000
    (376, 9, 120, 1, '고추장 많이', 54), -- 비빔밥 1개, 8000
    (377, 14, 120, 1, '버섯 많이', 32);  -- 리조또 1개, 11000
    -- 총액: 5000 + 8000 + 11000 = 24000
    -- 짜장면 => 중식 => 대기번호 55번
    -- 비빔밥 => 한식 => 대기번호 54번
    -- 리조또 => 양식 => 대기번호 32번

INSERT INTO ORDERBASIC (OBID, CID, TOTALAMOUNT, POINTUSEAMOUNT, ORDERDATE, ORDERTYPE, PAYMENTTYPE)
VALUES
    -- 2024-05-05
    (121, 1, 28000, 0, '2024-05-05', '포장&수저포크O', '카드'),
    (122, 2, 37000, 0, '2024-05-05', '포장&수저포크X', '현장결제'),
    (123, 3, 8000, 0, '2024-05-05', '매장', '카드'),
    (124, 4, 42000, 0, '2024-05-05', '포장&수저포크O', '카드'),
    (125, 5, 36000, 0, '2024-05-05', '매장', '현장결제'),
    (126, 31, 32000, 0, '2024-05-05', '포장&수저포크X', '카드'),
    (127, 32, 34000, 0, '2024-05-05', '매장', '카드'),
    (128, 33, 32000, 0, '2024-05-05', '포장&수저포크O', '현장결제'),
    (129, 34, 20000, 0, '2024-05-05', '매장', '카드'),
    (130, 35, 40000, 0, '2024-05-05', '포장&수저포크O', '현장결제'),
    (131, 11, 29000, 0, '2024-05-05', '매장', '카드'),
    (132, 12, 24000, 0, '2024-05-05', '포장&수저포크X', '현장결제'),
    (133, 13, 8000, 0, '2024-05-05', '매장', '카드'),
    (134, 14, 13000, 0, '2024-05-05', '포장&수저포크O', '현장결제'),
    (135, 15, 32000, 0, '2024-05-05', '매장', '카드'),
    (136, 16, 12000, 0, '2024-05-05', '포장&수저포크X', '카드'),
    (137, 17, 19000, 0, '2024-05-05', '매장', '카드'),
    (138, 18, 10000, 0, '2024-05-05', '포장&수저포크O', '현장결제'),
    (139, 36, 27000, 0, '2024-05-05', '포장&수저포크X', '카드'),
    (140, 37, 20000, 0, '2024-05-05', '매장', '카드'),
    (141, 38, 9000, 0, '2024-05-05', '포장&수저포크O', '현장결제'),
    (142, 39, 28000, 0, '2024-05-05', '매장', '카드'),
    (143, 40, 5000, 0, '2024-05-05', '포장&수저포크X', '카드'),
    (144, 24, 38000, 0, '2024-05-05', '매장', '현장결제'),
    (145, 25, 4000, 0, '2024-05-05', '포장&수저포크O', '카드'),
    (146, 26, 23000, 0, '2024-05-05', '매장', '현장결제'),
    (147, 27, 7000, 0, '2024-05-05', '포장&수저포크X', '카드'),
    (148, 28, 25000, 0, '2024-05-05', '매장', '카드'),
    (149, 29, 22000, 0, '2024-05-05', '포장&수저포크O', '현장결제'),
    (150, 30, 20000, 0, '2024-05-05', '포장&수저포크X', '카드');
    
INSERT INTO ORDERDETAIL (ODDID, MID, OBID, COUNT, REQUEST, WAITNUMBER)
VALUES
    -- Order 121
    (378, 1, 121, 1, '적게 양념', 56),   -- 짜장면 1개, 5000
    (379, 2, 121, 2, '더 많은 양념', 56),-- 짬뽕 2개, 6000 * 2 = 12000
    (380, 14, 121, 1, '버섯 많이', 33),  -- 리조또 1개, 11000
    -- 총액: 5000 + 12000 + 11000 = 28000
    -- 짜장면, 짬뽕 => 중식 => 대기번호 56번
    -- 리조또 => 양식 => 대기번호 33번

    -- Order 122
    (381, 4, 122, 1, '소고기 많이', 24), -- 쌀국수 1개, 7000
    (382, 5, 122, 1, '와사비 추가', 24),    -- 초밥 1개, 10000
    (383, 8, 122, 2, '덜 달게', 55),      -- 불고기 2개, 10000 * 2 = 20000
    -- 총액: 7000 + 10000 + 20000 = 37000
    -- 쌀국수, 초밥 => 아시안음식 => 대기번호 24번
    -- 불고기 => 한식 => 대기번호 55번

    -- Order 123
    (384, 3, 123, 1, '소스 많이', 57),   -- 탕수육 1개, 8000
    -- 총액: 8000
    -- 탕수육 => 중식 => 대기번호 57번

    -- Order 124
    (385, 10, 124, 2, '단무지 많이', 79),-- 김밥 2개, 4000 * 2 = 8000
    (386, 11, 124, 1, '떡 추가', 79),    -- 떡볶이 1개, 5000
    (387, 2, 124, 3, '더 많은 양념', 58),-- 짬뽕 3개, 6000 * 3 = 18000
    (388, 14, 124, 1, '버섯 많이', 34),  -- 리조또 1개, 11000
    -- 총액: 8000 + 5000 + 18000 + 11000 = 42000
    -- 김밥, 떡볶이 => 분식 => 대기번호 79번
    -- 짬뽕 => 중식 => 대기번호 58번
    -- 리조또 => 양식 => 대기번호 34번

    -- Order 125
    (389, 7, 125, 2, '매운맛', 56),      -- 김치찌개 2개, 6000 * 2 = 12000
    (390, 9, 125, 2, '고추장 많이', 56), -- 비빔밥 2개, 8000 * 2 = 16000
    (391, 3, 125, 1, '소스 많이', 59),   -- 탕수육 1개, 8000
    -- 총액: 12000 + 16000 + 8000 = 36000
    -- 김치찌개, 비빔밥 => 한식 => 대기번호 56번
    -- 탕수육 => 중식 => 대기번호 59번

    -- Order 126
    (392, 1, 126, 1, '적게 양념', 60),   -- 짜장면 1개, 5000
    (393, 4, 126, 1, '소고기 많이', 25), -- 쌀국수 1개, 7000
    (394, 5, 126, 2, '와사비 추가', 25),   -- 초밥 2개, 10000 * 2 = 20000
    -- 총액: 5000 + 7000 + 20000 = 32000
    -- 짜장면 => 중식 => 대기번호 60번
    -- 쌀국수, 초밥 => 아시안음식 => 대기번호 25번

    -- Order 127
    (395, 10, 127, 2, '단무지 많이', 80),-- 김밥 2개, 4000 * 2 = 8000
    (396, 11, 127, 2, '떡 추가', 80),    -- 떡볶이 2개, 5000 * 2 = 10000
    (397, 9, 127, 2, '고추장 많이', 57), -- 비빔밥 2개, 8000 * 2 = 16000
    -- 총액: 8000 + 10000 + 16000 = 34000
    -- 김밥, 떡볶이 => 분식 => 대기번호 80번
    -- 비빔밥 => 한식 => 대기번호 57번

    -- Order 128
    (398, 8, 128, 2, '덜 달게', 58),     -- 불고기 2개, 10000 * 2 = 20000
    (399, 13, 128, 1, '크림 많이', 35),  -- 파스타 1개, 12000
    -- 총액: 20000 + 12000 = 32000
    -- 불고기 => 한식 => 대기번호 58번
    -- 파스타 => 양식 => 대기번호 35번

    -- Order 129
    (400, 3, 129, 1, '소스 많이', 61),   -- 탕수육 1개, 8000
    (401, 4, 129, 1, '소고기 많이', 26), -- 쌀국수 1개, 7000
    (402, 11, 129, 1, '떡 추가', 81),    -- 떡볶이 1개, 5000
    -- 총액: 8000 + 7000 + 5000 = 20000
    -- 탕수육 => 중식 => 대기번호 61번
    -- 쌀국수 => 아시안음식 => 대기번호 26번
    -- 떡볶이 => 분식 => 대기번호 81번

    -- Order 130
    (403, 2, 130, 3, '더 많은 양념', 62),-- 짬뽕 3개, 6000 * 3 = 18000
    (404, 14, 130, 2, '버섯 많이', 36),  -- 리조또 2개, 11000 * 2 = 22000
    -- 총액: 18000 + 22000 = 40000
    -- 짬뽕 => 중식 => 대기번호 62번
    -- 리조또 => 양식 => 대기번호 36번

    -- Order 131
    (405, 9, 131, 2, '고추장 많이', 59), -- 비빔밥 2개, 8000 * 2 = 16000
    (406, 10, 131, 2, '단무지 많이',82),-- 김밥 2개, 4000 * 2 = 8000
    (407, 11, 131, 1, '떡 추가', 82),    -- 떡볶이 1개, 5000
    -- 총액: 16000 + 8000 + 5000 = 29000
    -- 비빔밥 => 한식 => 대기번호 59번
    -- 김밥, 떡볶이 => 분식 => 대기번호 82번

    -- Order 132
    (408, 1, 132, 1, '적게 양념', 63),   -- 짜장면 1개, 5000
    (409, 4, 132, 1, '소고기 많이', 27), -- 쌀국수 1개, 7000
    (410, 13, 132, 1, '크림 많이', 37),  -- 파스타 1개, 12000
    -- 총액: 5000 + 7000 + 12000 = 24000
    -- 짜장면 => 중식 => 대기번호 63번
    -- 쌀국수 => 아시안음식 => 대기번호 27번
    -- 파스타 => 양식 => 대기번호 37번

    -- Order 133
    (411, 3, 133, 1, '소스 많이', 64),   -- 탕수육 1개, 8000
    -- 총액: 8000
    -- 탕수육 => 중식 => 대기번호 64번

    -- Order 134
    (412, 10, 134, 2, '단무지 많이', 83),-- 김밥 2개, 4000 * 2 = 8000
    (413, 11, 134, 1, '떡 추가', 83),    -- 떡볶이 1개, 5000
    -- 총액: 8000 + 5000 = 13000
    -- 김밥, 떡볶이 => 분식 => 대기번호 83번

    -- Order 135
    (414, 1, 135, 1, '적게 양념', 65),   -- 짜장면 1개, 5000
    (415, 4, 135, 1, '소고기 많이', 28), -- 쌀국수 1개, 7000
    (416, 5, 135, 2, '와사비 조금만', 28),   -- 초밥 2개, 10000 * 2 = 20000
    -- 총액: 5000 + 7000 + 20000 = 32000
    -- 짜장면 => 중식 => 대기번호 65번
    -- 쌀국수, 초밥 => 아시안음식 => 대기번호 28번

    -- Order 136
    (417, 13, 136, 1, '크림 많이', 38),  -- 파스타 1개, 12000
    -- 총액: 12000
    -- 파스타 => 양식 => 대기번호 38번

    -- Order 137
    (418, 9, 137, 1, '고추장 많이', 60), -- 비빔밥 1개, 8000
    (419, 14, 137, 1, '버섯 많이', 39),  -- 리조또 1개, 11000
    -- 총액: 8000 + 11000 = 19000
    -- 비빔밥 => 한식 => 대기번호 60번
    -- 리조또 => 양식 => 대기번호 39번

    -- Order 138
    (420, 8, 138, 1, '덜 달게', 61),     -- 불고기 1개, 10000
    -- 총액: 10000
    -- 불고기 => 한식 => 대기번호 61번

    -- Order 139
    (421, 4, 139, 1, '소고기 많이', 29), -- 쌀국수 1개, 7000
    (422, 5, 139, 2, '와사비 없음', 29),   -- 초밥 2개, 10000 * 2 = 20000
    -- 총액: 7000 + 20000 = 27000
    -- 쌀국수, 초밥 => 아시안음식 => 대기번호 29번

    -- Order 140
    (423, 7, 140, 1, '매운맛', 62),      -- 김치찌개 1개, 6000
    (424, 2, 140, 1, '더 많은 양념', 66),-- 짬뽕 1개, 6000
    (425, 9, 140, 1, '고추장 많이', 0), -- 비빔밥 1개, 8000
    -- 총액: 6000 + 6000 + 8000 = 20000
    -- 김치찌개, 비빔밥 => 한식 => 대기번호 62번
    -- 짬뽕 => 중식 => 대기번호 66번

    -- Order 141
    (426, 10, 141, 1, '단무지 많이', 84),-- 김밥 1개, 4000
    (427, 11, 141, 1, '떡 추가', 84), -- 떡볶이 1개, 5000
    -- 총액: 4000 + 5000 = 9000
    -- 김밥, 떡볶이 => 분식 => 대기번호 84번

    -- Order 142
    (428, 3, 142, 2, '소스 많이', 67),   -- 탕수육 2개, 8000 * 2 = 16000
    (429, 13, 142, 1, '크림 많이', 40),  -- 파스타 1개, 12000
    -- 총액: 16000 + 12000 = 28000
    -- 탕수육 => 중식 => 대기번호 67번
    -- 파스타 => 양식 => 대기번호 40번

    -- Order 143
    (430, 1, 143, 1, '적게 양념', 68),   -- 짜장면 1개, 5000
    -- 총액: 5000
    -- 짜장면 => 중식 => 대기번호 68번

    -- Order 144
    (431, 7, 144, 2, '매운맛', 63),      -- 김치찌개 2개, 6000 * 2 = 12000
    (432, 8, 144, 2, '덜 달게', 63),     -- 불고기 2개, 10000 * 2 = 20000
    (433, 2, 144, 1, '더 많은 양념', 69),-- 짬뽕 1개, 6000
    -- 총액: 12000 + 20000 + 6000 = 38000
    -- 김치찌개, 불고기 => 한식 => 대기번호 63번
    -- 짬뽕 => 중식 => 대기번호 69번

    -- Order 145
    (434, 10, 145, 1, '단무지 많이', 85),-- 김밥 1개, 4000
    -- 총액: 4000
    -- 김밥 => 분식 => 대기번호 85번

    -- Order 146
    (435, 14, 146, 1, '버섯 많이', 41),  -- 리조또 1개, 11000
    (436, 13, 146, 1, '크림 많이', 41),  -- 파스타 1개, 12000
    -- 총액: 11000 + 12000 = 23000
    -- 리조또, 파스타 => 양식 => 대기번호 41번

    -- Order 147
    (437, 4, 147, 1, '소고기 많이', 30), -- 쌀국수 1개, 7000
    -- 총액: 7000
    -- 쌀국수 => 아시안음식 => 대기번호 30번

    -- Order 148
    (438, 1, 148, 1, '적게 양념', 70),   -- 짜장면 1개, 5000
    (439, 2, 148, 2, '더 많은 양념', 70),-- 짬뽕 2개, 6000 * 2 = 12000
    (440, 10, 148, 2, '단무지 많이', 86),-- 김밥 2개, 4000 * 2 = 8000
    -- 총액: 5000 + 12000 + 8000 = 25000
    -- 짜장면, 짬뽕 => 중식 => 대기번호 70번
    -- 김밥 => 분식 => 대기번호 86번

    -- Order 149
    (441, 14, 149, 2, '버섯 많이', 42),  -- 리조또 2개, 11000 * 2 = 22000
    -- 총액: 22000
    -- 리조또 => 양식 => 대기번호 42번

    -- Order 150
    (442, 9, 150, 1, '고추장 많이', 64), -- 비빔밥 1개, 8000
    (443, 4, 150, 1, '소고기 많이', 31), -- 쌀국수 1개, 7000
    (444, 11, 150, 1, '떡 추가', 87);    -- 떡볶이 1개, 5000
    -- 총액: 8000 + 7000 + 5000 = 20000
    -- 비빔밥 => 한식 => 대기번호 64번
    -- 쌀국수 => 아시안음식 => 대기번호 31번
    -- 떡볶이 => 분식 => 대기번호 87번

INSERT INTO ORDERBASIC (OBID, CID, TOTALAMOUNT, POINTUSEAMOUNT, ORDERDATE, ORDERTYPE, PAYMENTTYPE)
VALUES    
-- 2024-05-06
    (151, 1, 27000, 0, '2024-05-06', '포장&수저포크O', '카드'),
    (152, 2, 34000, 0, '2024-05-06', '포장&수저포크X', '현장결제'),
    (153, 3, 28000, 0, '2024-05-06', '매장', '카드'),
    (154, 36, 50000, 0, '2024-05-06', '포장&수저포크O', '카드'),
    (155, 35, 34000, 0, '2024-05-06', '매장', '현장결제'),
    (156, 6, 24000, 0, '2024-05-06', '포장&수저포크X', '카드'),
    (157, 7, 33000, 0, '2024-05-06', '매장', '카드'),
    (158, 31, 15000, 0, '2024-05-06', '포장&수저포크O', '현장결제'),
    (159, 9, 5000, 0, '2024-05-06', '매장', '카드'),
    (160, 10, 36000, 0, '2024-05-06', '포장&수저포크O', '현장결제'),
    (161, 32, 23000, 0, '2024-05-06', '매장', '카드'),
    (162, 12, 18000, 0, '2024-05-06', '포장&수저포크X', '현장결제'),
    (163, 33, 6000, 0, '2024-05-06', '매장', '카드'),
    (164, 14, 30000, 0, '2024-05-06', '포장&수저포크O', '현장결제'),
    (165, 15, 8000, 0, '2024-05-06', '매장', '카드'),
    (166, 16, 22000, 0, '2024-05-06', '포장&수저포크X', '카드'),
    (167, 37, 17000, 0, '2024-05-06', '매장', '카드'),
    (168, 38, 17000, 0, '2024-05-06', '포장&수저포크O', '현장결제'),
    (169, 19, 14000, 0, '2024-05-06', '포장&수저포크X', '카드'),
    (170, 20, 15000, 0, '2024-05-06', '매장', '카드'),
    (171, 21, 9000, 0, '2024-05-06', '포장&수저포크O', '현장결제'),
    (172, 39, 24000, 0, '2024-05-06', '매장', '카드'),
    (173, 23, 20000, 0, '2024-05-06', '포장&수저포크X', '카드'),
    (174, 34, 26000, 0, '2024-05-06', '매장', '현장결제'),
    (175, 25, 32000, 0, '2024-05-06', '포장&수저포크O', '카드'),
    (176, 26, 17000, 0, '2024-05-06', '매장', '현장결제'),
    (177, 40, 30000, 0, '2024-05-06', '포장&수저포크X', '카드'),
    (178, 28, 13000, 0, '2024-05-06', '매장', '카드'),
    (179, 29, 29000, 0, '2024-05-06', '포장&수저포크O', '현장결제'),
    (180, 30, 17000, 0, '2024-05-06', '포장&수저포크X', '카드');

    
INSERT INTO ORDERDETAIL (ODDID, MID, OBID, COUNT, REQUEST, WAITNUMBER)
VALUES
    -- Order 151
    (445, 1, 151, 1, '적게 양념', 71),   -- 짜장면 1개, 5000
    (446, 2, 151, 1, '더 많은 양념', 71),-- 짬뽕 1개, 6000
    (447, 11, 151, 1, '떡 추가', 88),    -- 떡볶이 1개, 5000
    (448, 14, 151, 1, '버섯 많이', 43),  -- 리조또 1개, 11000
    -- 총액: 5000 + 6000 + 5000 + 11000 = 27000
    -- 짜장면, 짬뽕 => 중식 => 대기번호 71번
    -- 떡볶이 => 분식 => 대기번호 88번
    -- 리조또 => 양식 => 대기번호 43번

    -- Order 152
    (449, 4, 152, 2, '소고기 많이', 32), -- 쌀국수 2개, 7000 * 2 = 14000
    (450, 5, 152, 2, '생선 추가', 32),   -- 초밥 2개, 10000 * 2 = 20000
    -- 총액: 14000 + 20000 = 34000
    -- 쌀국수, 초밥 => 아시안음식 => 대기번호 32번

    -- Order 153
    (451, 7, 153, 2, '매운맛', 65),      -- 김치찌개 2개, 6000 * 2 = 12000
    (452, 9, 153, 2, '고추장 많이', 65), -- 비빔밥 2개, 8000 * 2 = 16000
    -- 총액: 12000 + 16000 = 28000
    -- 김치찌개, 비빔밥 => 한식 => 대기번호 65번

    -- Order 154
    (453, 3, 154, 2, '소스 많이', 72),   -- 탕수육 2개, 8000 * 2 = 16000
    (454, 13, 154, 1, '크림 많이', 44),  -- 파스타 1개, 12000
    (455, 14, 154, 2, '버섯 많이', 44),  -- 리조또 2개, 11000 * 2 = 22000
    -- 총액: 16000 + 12000 + 22000 = 50000
    -- 탕수육 => 중식 => 대기번호 72번
    -- 파스타, 리조또 => 양식 => 대기번호 44번

    -- Order 155
    (456, 8, 155, 2, '덜 달게', 66),     -- 불고기 2개, 10000 * 2 = 20000
    (457, 10, 155, 1, '단무지 많이', 89),-- 김밥 1개, 4000
    (458, 11, 155, 2, '떡 추가', 89),    -- 떡볶이 2개, 5000 * 2 = 10000
    -- 총액: 20000 + 4000 + 10000 = 34000
    -- 불고기 => 한식 => 대기번호 66번
    -- 김밥, 떡볶이 => 분식 => 대기번호 89번

    -- Order 156
    (459, 1, 156, 1, '적게 양념', 73),   -- 짜장면 1개, 5000
    (460, 4, 156, 1, '소고기 많이', 33), -- 쌀국수 1개, 7000
    (461, 13, 156, 1, '크림 많이', 45),  -- 파스타 1개, 12000
    -- 총액: 5000 + 7000 + 12000 = 24000
    -- 짜장면 => 중식 => 대기번호 73번
    -- 쌀국수 => 아시안음식 => 대기번호 33번
    -- 파스타 => 양식 => 대기번호 45번

    -- Order 157
    (462, 7, 157, 2, '매운맛', 67),      -- 김치찌개 2개, 6000 * 2 = 12000
    (463, 9, 157, 2, '고추장 많이', 67), -- 비빔밥 2개, 8000 * 2 = 16000
    (464, 11, 157, 1, '떡 추가', 90),    -- 떡볶이 1개, 5000
    -- 총액: 12000 + 16000 + 5000 = 33000
    -- 김치찌개, 비빔밥 => 한식 => 대기번호 67번
    -- 떡볶이 => 분식 => 대기번호 90번

    -- Order 158
    (465, 3, 158, 1, '소스 많이', 74),   -- 탕수육 1개, 8000
    (466, 4, 158, 1, '소고기 많이', 34), -- 쌀국수 1개, 7000
    -- 총액: 8000 + 7000 = 15000
    -- 탕수육 => 중식 => 대기번호 74번
    -- 쌀국수 => 아시안음식 => 대기번호 34번

    -- Order 159
    (467, 1, 159, 1, '적게 양념', 75),   -- 짜장면 1개, 5000
    -- 총액: 5000
    -- 짜장면 => 중식 => 대기번호 75번

    -- Order 160
    (468, 2, 160, 2, '더 많은 양념', 76),-- 짬뽕 2개, 6000 * 2 = 12000
    (469, 13, 160, 2, '크림 많이', 46),  -- 파스타 2개, 12000 * 2 = 24000
    -- 총액: 12000 + 24000 = 36000
    -- 짬뽕 => 중식 => 대기번호 76번
    -- 파스타 => 양식 => 대기번호 46번

    -- Order 161
    (470, 9, 161, 1, '고추장 많이', 68), -- 비빔밥 1개, 8000
    (471, 14, 161, 1, '버섯 많이', 47),  -- 리조또 1개, 11000
    (472, 10, 161, 1, '단무지 많이', 91),-- 김밥 1개, 4000
    -- 총액: 8000 + 11000 + 4000 = 23000
    -- 비빔밥 => 한식 => 대기번호 68번
    -- 리조또 => 양식 => 대기번호 47번
    -- 김밥 => 분식 => 대기번호 91번

    -- Order 162
    (473, 4, 162, 1, '소고기 많이', 35), -- 쌀국수 1개, 7000
    (474, 11, 162, 1, '떡 추가', 92),    -- 떡볶이 1개, 5000
    (475, 2, 162, 1, '더 많은 양념', 77),-- 짬뽕 1개, 6000
    -- 총액: 7000 + 5000 + 6000 = 18000
    -- 쌀국수 => 아시안음식 => 대기번호 35번
    -- 떡볶이 => 분식 => 대기번호 92번
    -- 짬뽕 => 중식 => 대기번호 77번

    -- Order 163
    (476, 7, 163, 1, '매운맛', 69),      -- 김치찌개 1개, 6000
    -- 총액: 6000
    -- 김치찌개 => 한식 => 대기번호 69번


    -- Order 164
    (477, 8, 164, 2, '덜 달게', 70),     -- 불고기 2개, 10000 * 2 = 20000
    (478, 5, 164, 1, '생선 추가', 36),   -- 초밥 1개, 10000
    -- 총액: 20000 + 10000 = 30000
    -- 불고기 => 한식 => 대기번호 70번
    -- 초밥 => 아시안음식 => 대기번호 36번

    -- Order 165
    (479, 3, 165, 1, '소스 많이', 78),   -- 탕수육 1개, 8000
    -- 총액: 8000
    -- 탕수육 => 중식 => 대기번호 78번

    -- Order 166
    (480, 14, 166, 2, '버섯 많이', 48),  -- 리조또 2개, 11000 * 2 = 22000
    -- 총액: 22000
    -- 리조또 => 양식 => 대기번호 48번

    -- Order 167
    (481, 4, 167, 1, '소고기 많이', 37), -- 쌀국수 1개, 7000
    (482, 5, 167, 1, '생선 추가', 37),   -- 초밥 1개, 10000
    -- 총액: 7000 + 10000 = 17000
    -- 쌀국수, 초밥 => 아시안음식 => 대기번호 37번

    -- Order 168
    (483, 1, 168, 1, '적게 양념', 79),   -- 짜장면 1개, 5000
    (484, 2, 168, 2, '더 많은 양념', 79),-- 짬뽕 2개, 6000 * 2 = 12000
    -- 총액: 5000 + 12000 = 17000
    -- 짜장면, 짬뽕 => 중식 => 대기번호 79번

    -- Order 169
    (485, 7, 169, 1, '매운맛', 71),      -- 김치찌개 1개, 6000
    (486, 9, 169, 1, '고추장 많이', 71), -- 비빔밥 1개, 8000
    -- 총액: 6000 + 8000 = 14000
    -- 김치찌개, 비빔밥 => 한식 => 대기번호 71번

    -- Order 170
    (487, 3, 170, 1, '소스 많이', 80),   -- 탕수육 1개, 8000
    (488, 4, 170, 1, '소고기 많이', 38), -- 쌀국수 1개, 7000
    -- 총액: 8000 + 7000 = 15000
    -- 탕수육 => 중식 => 대기번호 80번
    -- 쌀국수 => 아시안음식 => 대기번호 38번

    -- Order 171
    (489, 10, 171, 1, '단무지 많이', 93),-- 김밥 1개, 4000
    (490, 11, 171, 1, '떡 추가', 93),    -- 떡볶이 1개, 5000
    -- 총액: 4000 + 5000 = 9000
    -- 김밥, 떡볶이 => 분식 => 대기번호 93번

    -- Order 172
    (491, 13, 172, 2, '크림 많이', 49),  -- 파스타 2개, 12000 * 2 = 24000
    -- 총액: 24000
    -- 파스타 => 양식 => 대기번호 49번

    -- Order 173
    (492, 9, 173, 1, '고추장 많이', 72), -- 비빔밥 1개, 8000
    (493, 4, 173, 1, '소고기 많이', 39), -- 쌀국수 1개, 7000
    (494, 1, 173, 1, '적게 양념', 81),   -- 짜장면 1개, 5000
    -- 총액: 8000 + 7000 + 5000 = 20000
    -- 비빔밥 => 한식 => 대기번호 72번
    -- 쌀국수 => 아시안음식 => 대기번호 39번
    -- 짜장면 => 중식 => 대기번호 81번

    -- Order 174
    (495, 2, 174, 1, '더 많은 양념', 82),-- 짬뽕 1개, 6000
    (496, 3, 174, 1, '소스 많이', 82),   -- 탕수육 1개, 8000
    (497, 13, 174, 1, '크림 많이',50),  -- 파스타 1개, 12000
    -- 총액: 6000 + 8000 + 12000 = 26000
    -- 짬뽕, 탕수육 => 중식 => 대기번호 82번
    -- 파스타 => 양식 => 대기번호 50번

    -- Order 175
    (498, 7, 175, 1, '매운맛', 73),      -- 김치찌개 1개, 6000
    (499, 14, 175, 2, '버섯 많이', 51),  -- 리조또 2개, 11000 * 2 = 22000
    (500, 10, 175, 1, '단무지 많이', 94),-- 김밥 1개, 4000
    -- 총액: 6000 + 22000 + 4000 = 32000
    -- 김치찌개 => 한식 => 대기번호 73번
    -- 리조또 => 양식 => 대기번호 51번
    -- 김밥 => 분식 => 대기번호 94번

    -- Order 176
    (501, 4, 176, 1, '소고기 많이', 40), -- 쌀국수 1개, 7000
    (502, 5, 176, 1, '생선 추가', 40),   -- 초밥 1개, 10000
    -- 총액: 7000 + 10000 = 17000
    -- 쌀국수, 초밥 => 아시안음식 => 대기번호 40번

    -- Order 177
    (503, 11, 177, 2, '떡 추가', 95),    -- 떡볶이 2개, 5000 * 2 = 10000
    (504, 13, 177, 1, '크림 많이', 52),  -- 파스타 1개, 12000
    (505, 10, 177, 2, '단무지 많이', 95),-- 김밥 2개, 4000 * 2 = 8000
    -- 총액: 10000 + 12000 + 8000 = 30000
    -- 떡볶이, 김밥 => 분식 => 대기번호 95번
    -- 파스타 => 양식 => 대기번호 52번

    -- Order 178
    (506, 2, 178, 1, '더 많은 양념', 83),-- 짬뽕 1개, 6000
    (507, 4, 178, 1, '소고기 많이', 41), -- 쌀국수 1개, 7000
    -- 총액: 6000 + 7000 = 13000
    -- 짬뽕 => 중식 => 대기번호 83번
    -- 쌀국수 => 아시안음식 => 대기번호 41번

    -- Order 179
    (508, 9, 179, 1, '고추장 많이', 74), -- 비빔밥 1개, 8000
    (509, 8, 179, 1, '덜 달게', 74),     -- 불고기 1개, 10000
    (510, 14, 179, 1, '버섯 많이', 53),  -- 리조또 1개, 11000
    -- 총액: 8000 + 10000 + 11000 = 29000
    -- 비빔밥 => 한식 => 대기번호 74번
    -- 불고기 => 한식 => 대기번호 74번
    -- 리조또 => 양식 => 대기번호 53번

    -- Order 180
    (511, 4, 180, 1, '소고기 많이', 42), -- 쌀국수 1개, 7000
    (512, 5, 180, 1, '생선 추가', 42);   -- 초밥 1개, 10000
    -- 총액: 7000 + 10000 = 17000
    -- 쌀국수, 초밥 => 아시안음식 => 대기번호 42번
    
INSERT INTO ORDERBASIC (OBID, CID, TOTALAMOUNT, POINTUSEAMOUNT, ORDERDATE, ORDERTYPE, PAYMENTTYPE)
VALUES
    -- 2024-05-07
    (181, 1, 23000, 0, '2024-05-07', '포장&수저포크O', '카드'),
    (182, 2, 34000, 0, '2024-05-07', '포장&수저포크X', '현장결제'),
    (183, 3, 28000, 0, '2024-05-07', '매장', '카드'),
    (184, 4, 50000, 0, '2024-05-07', '포장&수저포크O', '카드'),
    (185, 5, 34000, 0, '2024-05-07', '매장', '현장결제'),
    (186, 31, 24000, 0, '2024-05-07', '포장&수저포크X', '카드'),
    (187, 7, 33000, 0, '2024-05-07', '매장', '카드'),
    (188, 8, 15000, 0, '2024-05-07', '포장&수저포크O', '현장결제'),
    (189, 32, 5000, 0, '2024-05-07', '매장', '카드'),
    (190, 10, 36000, 0, '2024-05-07', '포장&수저포크O', '현장결제'),
    (191, 11, 23000, 0, '2024-05-07', '매장', '카드'),
    (192, 33, 18000, 0, '2024-05-07', '포장&수저포크X', '현장결제'),
    (193, 13, 6000, 0, '2024-05-07', '매장', '카드'),
    (194, 14, 20000, 0, '2024-05-07', '포장&수저포크O', '현장결제'),
    (195, 15, 8000, 0, '2024-05-07', '매장', '카드'),
    (196, 34, 22000, 0, '2024-05-07', '포장&수저포크X', '카드'),
    (197, 17, 17000, 0, '2024-05-07', '매장', '카드'),
    (198, 35, 17000, 0, '2024-05-07', '포장&수저포크O', '현장결제'),
    (199, 39, 14000, 0, '2024-05-07', '포장&수저포크X', '카드'),
    (200, 40, 15000, 0, '2024-05-07', '매장', '카드'),
    (201, 36, 9000, 0, '2024-05-07', '포장&수저포크O', '현장결제'),
    (202, 22, 24000, 0, '2024-05-07', '매장', '카드'),
    (203, 23, 20000, 0, '2024-05-07', '포장&수저포크X', '카드'),
    (204, 37, 26000, 0, '2024-05-07', '매장', '현장결제'),
    (205, 25, 32000, 0, '2024-05-07', '포장&수저포크O', '카드'),
    (206, 38, 17000, 0, '2024-05-07', '매장', '현장결제'),
    (207, 27, 30000, 0, '2024-05-07', '포장&수저포크X', '카드'),
    (208, 28, 13000, 0, '2024-05-07', '매장', '카드'),
    (209, 29, 29000, 0, '2024-05-07', '포장&수저포크O', '현장결제'),
    (210, 30, 17000, 0, '2024-05-07', '포장&수저포크X', '카드');
    
INSERT INTO ORDERDETAIL (ODDID, MID, OBID, COUNT, REQUEST, WAITNUMBER)
VALUES
    -- Order 181
    (513, 1, 181, 1, '적게 양념', 84),   -- 짜장면 1개, 5000
    (514, 2, 181, 1, '더 많은 양념', 84),-- 짬뽕 1개, 6000
    (515, 13, 181, 1, '크림 많이', 54),  -- 파스타 1개, 12000
    -- 총액: 5000 + 6000 + 12000 = 23000
    -- 짜장면, 짬뽕 => 중식 => 대기번호 84번
    -- 파스타 => 양식 => 대기번호 54번

    -- Order 182
    (516, 4, 182, 2, '소고기 많이', 43), -- 쌀국수 2개, 7000 * 2 = 14000
    (517, 5, 182, 2, '생선 추가', 43),   -- 초밥 2개, 10000 * 2 = 20000
    -- 총액: 14000 + 20000 = 34000
    -- 쌀국수, 초밥 => 아시안음식 => 대기번호 43번

    -- Order 183
    (518, 7, 183, 2, '매운맛', 75),      -- 김치찌개 2개, 6000 * 2 = 12000
    (519, 9, 183, 2, '고추장 많이', 75), -- 비빔밥 2개, 8000 * 2 = 16000
    -- 총액: 12000 + 16000 = 28000
    -- 김치찌개, 비빔밥 => 한식 => 대기번호 75번

    -- Order 184
    (520, 3, 184, 2, '소스 많이', 85),   -- 탕수육 2개, 8000 * 2 = 16000
    (521, 13, 184, 1, '크림 많이', 55),  -- 파스타 1개, 12000
    (522, 14, 184, 2, '버섯 많이', 55),  -- 리조또 2개, 11000 * 2 = 22000

    -- 총액: 16000 + 12000 + 22000 = 50000
    -- 탕수육 => 중식 => 대기번호 85번
    -- 파스타, 리조또 => 양식 => 대기번호 55번

    -- Order 185
    (523, 8, 185, 2, '덜 달게', 76),     -- 불고기 2개, 10000 * 2 = 20000
    (524, 10, 185, 1, '단무지 많이', 96),-- 김밥 1개, 4000
    (525, 11, 185, 2, '떡 추가', 96),    -- 떡볶이 2개, 5000 * 2 = 10000
    -- 총액: 20000 + 4000 + 10000 = 34000
    -- 불고기 => 한식 => 대기번호 76번
    -- 김밥, 떡볶이 => 분식 => 대기번호 96번

    -- Order 186
    (526, 1, 186, 1, '적게 양념', 86),   -- 짜장면 1개, 5000
    (527, 4, 186, 1, '소고기 많이', 44), -- 쌀국수 1개, 7000
    (528, 13, 186, 1, '크림 많이', 56),  -- 파스타 1개, 12000
    -- 총액: 5000 + 7000 + 12000 = 24000
    -- 짜장면 => 중식 => 대기번호 86번
    -- 쌀국수 => 아시안음식 => 대기번호 44번
    -- 파스타 => 양식 => 대기번호 56번

    -- Order 187
    (529, 7, 187, 2, '매운맛', 77),      -- 김치찌개 2개, 6000 * 2 = 12000
    (530, 9, 187, 2, '고추장 많이', 77), -- 비빔밥 2개, 8000 * 2 = 16000
    (531, 11, 187, 1, '떡 추가', 97),    -- 떡볶이 1개, 5000
    -- 총액: 12000 + 16000 + 5000 = 33000
    -- 김치찌개, 비빔밥 => 한식 => 대기번호 77번
    -- 떡볶이 => 분식 => 대기번호 97번

    -- Order 188
    (532, 3, 188, 1, '소스 많이', 87),   -- 탕수육 1개, 8000
    (533, 4, 188, 1, '소고기 많이', 45), -- 쌀국수 1개, 7000
    -- 총액: 8000 + 7000 = 15000
    -- 탕수육 => 중식 => 대기번호 87번
    -- 쌀국수 => 아시안음식 => 대기번호 45번

    -- Order 189
    (534, 1, 189, 1, '적게 양념', 88),   -- 짜장면 1개, 5000
    -- 총액: 5000
    -- 짜장면 => 중식 => 대기번호 88번

    -- Order 190
    (535, 2, 190, 2, '더 많은 양념', 89),-- 짬뽕 2개, 6000 * 2 = 12000
    (536, 13, 190, 2, '크림 많이', 57),  -- 파스타 2개, 12000 * 2 = 24000
    -- 총액: 12000 + 24000 = 36000
    -- 짬뽕 => 중식 => 대기번호 89번
    -- 파스타 => 양식 => 대기번호 57번

    -- Order 191
    (537, 9, 191, 1, '고추장 많이', 78), -- 비빔밥 1개, 8000
    (538, 14, 191, 1, '버섯 많이', 58),  -- 리조또 1개, 11000
    (539, 10, 191, 1, '단무지 많이', 98),-- 김밥 1개, 4000
    -- 총액: 8000 + 11000 + 4000 = 23000
    -- 비빔밥 => 한식 => 대기번호 78번
    -- 리조또 => 양식 => 대기번호 58번
    -- 김밥 => 분식 => 대기번호 98번

    -- Order 192
    (540, 4, 192, 1, '소고기 많이', 46), -- 쌀국수 1개, 7000
    (541, 11, 192, 1, '떡 추가', 99),    -- 떡볶이 1개, 5000
    (542, 2, 192, 1, '더 많은 양념', 90),-- 짬뽕 1개, 6000
    -- 총액: 7000 + 5000 + 6000 = 18000
    -- 쌀국수 => 아시안음식 => 대기번호 46번
    -- 떡볶이 => 분식 => 대기번호 99번
    -- 짬뽕 => 중식 => 대기번호 90번

    -- Order 193
    (543, 7, 193, 1, '매운맛', 79),      -- 김치찌개 1개, 6000
    -- 총액: 6000
    -- 김치찌개 => 한식 => 대기번호 79번

    -- Order 194
    (544, 8, 194, 1, '덜 달게', 80),     -- 불고기 1개, 10000
    (545, 5, 194, 1, '생선 추가', 47),   -- 초밥 1개, 10000
    -- 총액: 10000 + 10000 = 20000
    -- 불고기 => 한식 => 대기번호 80번
    -- 초밥 => 아시안음식 => 대기번호 47번

    -- Order 195
    (546, 3, 195, 1, '소스 많이', 91),   -- 탕수육 1개, 8000
    -- 총액: 8000
    -- 탕수육 => 중식 => 대기번호 91번

    -- Order 196
    (547, 14, 196, 2, '버섯 많이', 59),  -- 리조또 2개, 11000 * 2 = 22000
    -- 총액: 22000
    -- 리조또 => 양식 => 대기번호 59번

    -- Order 197
    (548, 4, 197, 1, '소고기 많이', 48), -- 쌀국수 1개, 7000
    (549, 5, 197, 1, '와사비 추가', 48),   -- 초밥 1개, 10000
    -- 총액: 7000 + 10000 = 17000
    -- 쌀국수, 초밥 => 아시안음식 => 대기번호 48번

    -- Order 198
    (550, 1, 198, 1, '적게 양념', 92),   -- 짜장면 1개, 5000
    (551, 2, 198, 2, '더 많은 양념', 92),-- 짬뽕 2개, 6000 * 2 = 12000
    -- 총액: 5000 + 12000 = 17000
    -- 짜장면, 짬뽕 => 중식 => 대기번호 92번

    -- Order 199
    (552, 7, 199, 1, '매운맛', 81),      -- 김치찌개 1개, 6000
    (553, 9, 199, 1, '고추장 많이', 81), -- 비빔밥 1개, 8000
    -- 총액: 6000 + 8000 = 14000
    -- 김치찌개, 비빔밥 => 한식 => 대기번호 81번

    -- Order 200
    (554, 3, 200, 1, '소스 많이', 93),   -- 탕수육 1개, 8000
    (555, 4, 200, 1, '소고기 많이', 49), -- 쌀국수 1개, 7000
    -- 총액: 8000 + 7000 = 15000
    -- 탕수육 => 중식 => 대기번호 93번
    -- 쌀국수 => 아시안음식 => 대기번호 49번

    -- Order 201
    (556, 10, 201, 1, '단무지 많이', 100),-- 김밥 1개, 4000
    (557, 11, 201, 1, '떡 추가', 100),    -- 떡볶이 1개, 5000
    -- 총액: 4000 + 5000 = 9000
    -- 김밥, 떡볶이 => 분식 => 대기번호 100번

    -- Order 202
    (558, 13, 202, 2, '크림 많이', 60),  -- 파스타 2개, 12000 * 2 = 24000
    -- 총액: 24000
    -- 파스타 => 양식 => 대기번호 60번

    -- Order 203
    (559, 9, 203, 1, '고추장 많이', 82), -- 비빔밥 1개, 8000
    (560, 4, 203, 1, '소고기 많이', 50), -- 쌀국수 1개, 7000
    (561, 1, 203, 1, '적게 양념', 94),   -- 짜장면 1개, 5000
    -- 총액: 8000 + 7000 + 5000 = 20000
    -- 비빔밥 => 한식 => 대기번호 82번
    -- 쌀국수 => 아시안음식 => 대기번호 50번
    -- 짜장면 => 중식 => 대기번호 94번

    -- Order 204
    (562, 2, 204, 1, '더 많은 양념', 95),-- 짬뽕 1개, 6000
    (563, 3, 204, 1, '소스 많이', 95),   -- 탕수육 1개, 8000
    (564, 13, 204, 1, '크림 많이', 61),  -- 파스타 1개, 12000
    -- 총액: 6000 + 8000 + 12000 = 26000
    -- 짬뽕, 탕수육 => 중식 => 대기번호 95번
    -- 파스타 => 양식 => 대기번호 61번

    -- Order 205
    (565, 7, 205, 1, '매운맛', 83),      -- 김치찌개 1개, 6000
    (566, 14, 205, 2, '버섯 많이', 62),  -- 리조또 2개, 11000 * 2 = 22000
    (567, 10, 205, 1, '단무지 많이', 101),-- 김밥 1개, 4000
    -- 총액: 6000 + 22000 + 4000 = 32000
    -- 김치찌개 => 한식 => 대기번호 83번
    -- 리조또 => 양식 => 대기번호 62번
    -- 김밥 => 분식 => 대기번호 101번

    -- Order 206
    (568, 4, 206, 1, '소고기 많이', 51), -- 쌀국수 1개, 7000
    (569, 5, 206, 1, '생선 추가', 51),   -- 초밥 1개, 10000
    -- 총액: 7000 + 10000 = 17000
    -- 쌀국수, 초밥 => 아시안음식 => 대기번호 51번

    -- Order 207
    (570, 11, 207, 2, '떡 추가', 102),    -- 떡볶이 2개, 5000 * 2 = 10000
    (571, 13, 207, 1, '크림 많이', 63),  -- 파스타 1개, 12000
    (572, 10, 207, 2, '단무지 많이', 102),-- 김밥 2개, 4000 * 2 = 8000
    -- 총액: 10000 + 12000 + 8000 = 30000
    -- 떡볶이, 김밥 => 분식 => 대기번호 102번
    -- 파스타 => 양식 => 대기번호 63번

    -- Order 208
    (573, 2, 208, 1, '더 많은 양념', 96),-- 짬뽕 1개, 6000
    (574, 4, 208, 1, '소고기 많이', 52), -- 쌀국수 1개, 7000
    -- 총액: 6000 + 7000 = 13000
    -- 짬뽕 => 중식 => 대기번호 96번
    -- 쌀국수 => 아시안음식 => 대기번호 52번

    -- Order 209
    (575, 9, 209, 1, '고추장 많이', 84), -- 비빔밥 1개, 8000
    (576, 8, 209, 1, '덜 달게', 84),     -- 불고기 1개, 10000
    (577, 14, 209, 1, '버섯 많이', 64),  -- 리조또 1개, 11000
    -- 총액: 8000 + 10000 + 11000 = 29000
    -- 비빔밥 => 한식 => 대기번호 84번
    -- 불고기 => 한식 => 대기번호 84번
    -- 리조또 => 양식 => 대기번호 64번

    -- Order 210
    (578, 4, 210, 1, '소고기 많이', 53), -- 쌀국수 1개, 7000
    (579, 5, 210, 1, '와사비 없음', 53);   -- 초밥 1개, 10000
    -- 총액: 7000 + 10000 = 17000
    -- 쌀국수, 초밥 => 아시안음식 => 대기번호 53번
    
INSERT INTO REVIEW (RID, ODDID, RDATE, CONTENTS, STAR, RPICTURE)
VALUES
    (1, 1, '2024-05-01', '음식이 맛있었고 서비스가 좋았어요!!', 5, NULL),
    (2, 102, '2024-05-02', '서비스가 좋았습니다.', 4, NULL),
    (3, 200, '2024-05-03', '그럭저럭 괜찮았어요.', 3, NULL),
    (4, 308, '2024-05-04', '평범했습니다.', 2, NULL),
    (5, 391, '2024-05-05', '음식이 맛있었어요.', 4, NULL);

INSERT INTO POINT (PID, CID, OBID, RID, PCHANGEDTYPE, PCHANGEAMOUNT, PCHANGEDDATE)
VALUES
    (1, 1, 1, NULL, '메뉴 주문', 2800, '2024-05-01'),
    (2, 2, 2, NULL, '메뉴 주문', 3000, '2024-05-01'),
    (3, 3, 3, NULL, '메뉴 주문', 2800, '2024-05-01'),
    (4, 4, 4, NULL, '메뉴 주문', 4000, '2024-05-01'),
    (5, 5, 5, NULL, '메뉴 주문', 3200, '2024-05-01'),
    (6, 6, 6, NULL, '메뉴 주문', 3100, '2024-05-01'),
    (7, 7, 7, NULL, '메뉴 주문', 3100, '2024-05-01'),
    (8, 8, 8, NULL, '메뉴 주문', 2000, '2024-05-01'),
    (9, 9, 9, NULL, '메뉴 주문', 1500, '2024-05-01'),
    (10, 10, 10, NULL, '메뉴 주문', 4200, '2024-05-01'),
    (11, 16, 16, NULL, '메뉴 주문', 2700, '2024-05-01'),
    (12, 17, 17, NULL, '메뉴 주문', 3100, '2024-05-01'),
    (13, 18, 18, NULL, '메뉴 주문', 3000, '2024-05-01'),
    (14, 19, 19, NULL, '메뉴 주문', 2100, '2024-05-01'),
    (15, 20, 20, NULL, '메뉴 주문', 2600, '2024-05-01'),
    (16, 21, 21, NULL, '메뉴 주문', 2800, '2024-05-01'),
    (17, 22, 22, NULL, '메뉴 주문', 3800, '2024-05-01'),
    (18, 23, 23, NULL, '메뉴 주문', 2700, '2024-05-01'),
    (19, 24, 24, NULL, '메뉴 주문', 3500, '2024-05-01'),
    (20, 25, 25, NULL, '메뉴 주문', 3000, '2024-05-01'),
    (21, 1, 1, 1, '리뷰 작성', 50, '2024-05-01'),
    
    (22, 1, 31, NULL, '메뉴 주문', 2800, '2024-05-02'),
    (23, 2, 32, NULL, '메뉴 주문', 3800, '2024-05-02'),
    (24, 3, 33, NULL, '메뉴 주문', 2700, '2024-05-02'),
    (25, 4, 34, NULL, '메뉴 주문', 3500, '2024-05-02'),
    (26, 5, 35, NULL, '메뉴 주문', 3000, '2024-05-02'),
    (27, 6, 36, NULL, '메뉴 주문', 3200, '2024-05-02'),
    (28, 7, 37, NULL, '메뉴 주문', 2700, '2024-05-02'),
    (29, 8, 38, NULL, '메뉴 주문', 3100, '2024-05-02'),
    (30, 9, 39, NULL, '메뉴 주문', 3200, '2024-05-02'),
    (31, 10, 40, NULL, '메뉴 주문', 3100, '2024-05-02'),
    (32, 11, 41, NULL, '메뉴 주문', 3200, '2024-05-02'),
    (33, 12, 42, NULL, '메뉴 주문', 2700, '2024-05-02'),
    (34, 13, 43, NULL, '메뉴 주문', 3100, '2024-05-02'),
    (35, 14, 44, NULL, '메뉴 주문', 3200, '2024-05-02'),
    (36, 25, 55, NULL, '메뉴 주문', 3000, '2024-05-02'),
    (37, 26, 56, NULL, '메뉴 주문', 3200, '2024-05-02'),
    (38, 27, 57, NULL, '메뉴 주문', 2700, '2024-05-02'),
    (39, 28, 58, NULL, '메뉴 주문', 3100, '2024-05-02'),
    (40, 29, 59, NULL, '메뉴 주문', 3200, '2024-05-02'),
    (41, 30, 60, NULL, '메뉴 주문', 3100, '2024-05-02'),
    (42, 2, 32, 2, '리뷰 작성', 50, '2024-05-02'),
    
    (43, 1, 61, NULL, '메뉴 주문', 2700, '2024-05-03'),
    (44, 2, 62, NULL, '메뉴 주문', 3500, '2024-05-03'),
    (45, 3, 63, NULL, '메뉴 주문', 3200, '2024-05-03'),
    (46, 4, 64, NULL, '메뉴 주문', 3500, '2024-05-03'),
    (47, 10, 70, NULL, '메뉴 주문', 3700, '2024-05-03'),
    (48, 11, 71, NULL, '메뉴 주문', 3100, '2024-05-03'),
    (49, 12, 72, NULL, '메뉴 주문', 3800, '2024-05-03'),
    (50, 13, 73, NULL, '메뉴 주문', 2200, '2024-05-03'),
    (51, 14, 74, NULL, '메뉴 주문', 3100, '2024-05-03'),
    (52, 15, 75, NULL, '메뉴 주문', 3200, '2024-05-03'),
    (53, 21, 81, NULL, '메뉴 주문', 3200, '2024-05-03'),
    (54, 22, 82, NULL, '메뉴 주문', 2700, '2024-05-03'),
    (55, 23, 83, NULL, '메뉴 주문', 3100, '2024-05-03'),
    (56, 24, 84, NULL, '메뉴 주문', 3200, '2024-05-03'),
    (57, 25, 85, NULL, '메뉴 주문', 3800, '2024-05-03'),
    (58, 26, 86, NULL, '메뉴 주문', 3200, '2024-05-03'),
    (59, 27, 87, NULL, '메뉴 주문', 3100, '2024-05-03'),
    (60, 28, 88, NULL, '메뉴 주문', 3100, '2024-05-03'),
    (61, 29, 89, NULL, '메뉴 주문', 3200, '2024-05-03'),
    (62, 30, 90, NULL, '메뉴 주문', 4300, '2024-05-03'),
    (63, 29, 89, NULL, '포인트 사용', 6400, '2024-05-03'),
    (64, 3, 63, 3, '리뷰 작성', 50, '2024-05-03'),
    
    
    (65, 1, 91, NULL, '메뉴 주문', 3400, '2024-05-04'),
    (66, 2, 92, NULL, '메뉴 주문', 3800, '2024-05-04'),
    (67, 3, 93, NULL, '메뉴 주문', 3100, '2024-05-04'),
    (68, 4, 94, NULL, '메뉴 주문', 4200, '2024-05-04'),
    (69, 5, 95, NULL, '메뉴 주문', 4200, '2024-05-04'),
    (70, 6, 96, NULL, '메뉴 주문', 3300, '2024-05-04'),
    (71, 7, 97, NULL, '메뉴 주문', 3900, '2024-05-04'),
    (72, 8, 98, NULL, '메뉴 주문', 3600, '2024-05-04'),
    (73, 9, 99, NULL, '메뉴 주문', 2100, '2024-05-04'),
    (74, 15, 105, NULL, '메뉴 주문', 1100, '2024-05-04'),
    (75, 16, 106, NULL, '메뉴 주문', 2500, '2024-05-04'),
    (76, 17, 107, NULL, '메뉴 주문', 3000, '2024-05-04'),
    (77, 18, 108, NULL, '메뉴 주문', 3100, '2024-05-04'),
    (78, 19, 109, NULL, '메뉴 주문', 2700, '2024-05-04'),
    (79, 20, 110, NULL, '메뉴 주문', 3900, '2024-05-04'),
    (80, 21, 111, NULL, '메뉴 주문', 900, '2024-05-04'),
    (81, 27, 117, NULL, '메뉴 주문', 1700, '2024-05-04'),
    (82, 28, 118, NULL, '메뉴 주문', 2000, '2024-05-04'),
    (83, 29, 119, NULL, '메뉴 주문', 2700, '2024-05-04'),
    (84, 30, 120, NULL, '메뉴 주문', 2400, '2024-05-04'),
    (85, 30, 120, NULL, '포인트 사용', 3000, '2024-05-04'),
    (86, 4, 94, 4, '리뷰 작성', 50, '2024-05-04'),
    
    (87, 1, 121, NULL, '메뉴 주문', 2800, '2024-05-05'),
    (88, 2, 122, NULL, '메뉴 주문', 3700, '2024-05-05'),
    (89, 3, 123, NULL, '메뉴 주문', 800, '2024-05-05'),
    (90, 4, 124, NULL, '메뉴 주문', 4200, '2024-05-05'),
    (91, 5, 125, NULL, '메뉴 주문', 3600, '2024-05-05'),
    (92, 11, 131, NULL, '메뉴 주문', 2900, '2024-05-05'),
    (93, 12, 132, NULL, '메뉴 주문', 2400, '2024-05-05'),
    (94, 13, 133, NULL, '메뉴 주문', 800, '2024-05-05'),
    (95, 14, 134, NULL, '메뉴 주문', 1300, '2024-05-05'),
    (96, 15, 135, NULL, '메뉴 주문', 3200, '2024-05-05'),
    (97, 16, 136, NULL, '메뉴 주문', 1200, '2024-05-05'),
    (98, 17, 137, NULL, '메뉴 주문', 1900, '2024-05-05'),
    (99, 18, 138, NULL, '메뉴 주문', 1000, '2024-05-05'),
    (100, 24, 144, NULL, '메뉴 주문', 3800, '2024-05-05'),
    (101, 25, 145, NULL, '메뉴 주문', 400, '2024-05-05'),
    (102, 26, 146, NULL, '메뉴 주문', 2300, '2024-05-05'),
    (103, 27, 147, NULL, '메뉴 주문', 700, '2024-05-05'),
    (104, 28, 148, NULL, '메뉴 주문', 2500, '2024-05-05'),
    (105, 28, 148, NULL, '포인트 사용', 8000, '2024-05-05'), 
    (106, 29, 149, NULL, '메뉴 주문', 2200, '2024-05-05'),
    (107, 30, 150, NULL, '메뉴 주문', 2000, '2024-05-05'),
    (108, 5, 125, 5, '리뷰 작성', 50, '2024-05-05'),
    
    (109, 1, 151, NULL, '메뉴 주문', 2700, '2024-05-06'),
    (110, 2, 152, NULL, '메뉴 주문', 3400, '2024-05-06'),
    (111, 3, 153, NULL, '메뉴 주문', 2800, '2024-05-06'),
    (112, 6, 156, NULL, '메뉴 주문', 2400, '2024-05-06'),
    (113, 7, 157, NULL, '메뉴 주문', 3300, '2024-05-06'),
    (114, 9, 159, NULL, '메뉴 주문', 500, '2024-05-06'),
    (115, 10, 160, NULL, '메뉴 주문', 3600, '2024-05-06'),
    (116, 12, 162, NULL, '메뉴 주문', 1800, '2024-05-06'),
    (117, 14, 164, NULL, '메뉴 주문', 3000, '2024-05-06'),
    (118, 15, 165, NULL, '메뉴 주문', 800, '2024-05-06'),
    (119, 16, 166, NULL, '메뉴 주문', 2200, '2024-05-06'),
    (120, 19, 169, NULL, '메뉴 주문', 1400, '2024-05-06'),
    (121, 20, 170, NULL, '메뉴 주문', 1500, '2024-05-06'),
    (122, 21, 171, NULL, '메뉴 주문', 900, '2024-05-06'),
    (123, 23, 173, NULL, '메뉴 주문', 2000, '2024-05-06'),
    (124, 25, 175, NULL, '메뉴 주문', 3200, '2024-05-06'),
    (125, 26, 176, NULL, '메뉴 주문', 1700, '2024-05-06'),
    (126, 26, 176, NULL, '포인트 사용', 4000, '2024-05-06'),
    (127, 28, 178, NULL, '메뉴 주문', 1300, '2024-05-06'),
    (128, 29, 179, NULL, '메뉴 주문', 2900, '2024-05-06'),
    (129, 30, 180, NULL, '메뉴 주문', 1700, '2024-05-06'),
    
    
    (130, 1, 181, NULL, '메뉴 주문', 2300, '2024-05-07'),
    (131, 2, 182, NULL, '메뉴 주문', 3400, '2024-05-07'),
    (132, 3, 183, NULL, '메뉴 주문', 2800, '2024-05-07'),
    (133, 4, 184, NULL, '메뉴 주문', 5000, '2024-05-07'),
    (134, 5, 185, NULL, '메뉴 주문', 3400, '2024-05-07'),
    (135, 7, 187, NULL, '메뉴 주문', 3300, '2024-05-07'),
    (136, 8, 188, NULL, '메뉴 주문', 1500, '2024-05-07'),
    (137, 10, 190, NULL, '메뉴 주문', 3600, '2024-05-07'),
    (138, 11, 191, NULL, '메뉴 주문', 2300, '2024-05-07'),
    (139, 13, 193, NULL, '메뉴 주문', 600, '2024-05-07'),
    (140, 14, 194, NULL, '메뉴 주문', 2000, '2024-05-07'),
    (141, 15, 195, NULL, '메뉴 주문', 800, '2024-05-07'),
    (142, 17, 197, NULL, '메뉴 주문', 1700, '2024-05-07'),
    (143, 22, 202, NULL, '메뉴 주문', 2400, '2024-05-07'),
    (144, 23, 203, NULL, '메뉴 주문', 2000, '2024-05-07'),
    (145, 25, 205, NULL, '메뉴 주문', 3200, '2024-05-07'),
    (146, 25, 205, NULL, '포인트 사용', 6000, '2024-05-07'),
    (147, 27, 207, NULL, '메뉴 주문', 3000, '2024-05-07'),
    (148, 28, 208, NULL, '메뉴 주문', 1300, '2024-05-07'),
    (149, 29, 209, NULL, '메뉴 주문', 2900, '2024-05-07'),
    (150, 30, 210, NULL, '메뉴 주문', 1700, '2024-05-07');


